patient_id,tumor_type,subgroup_truth,sex,center,age,stage,APC,ARID1A,KRAS,CDH1,CDKN2A,ERBB4,ATM,ERBB2,FBXW7,IDH1,JAK2,NF1,NOTCH1,TP53,MET,RB1,SMAD4,SMARCA4,SOX2,TSC2
P0003,Type A,A1,F,C1,36,II,wild type,wild type,mutated,wild type,wild type,wild type,wild type,mutated,mutated,mutated,wild type,wild type,mutated,wild type,wild type,mutated,wild type,mutated,wild type,wild type
P0233,Type A,A2,M,C2,54,II,wild type,wild type,wild type,wild type,wild type,wild type,mutated,wild type,wild type,wild type,wild type,wild type,wild type,wild type,unknown,mutated,wild type,wild type,wild type,mutated
P0042,Type A,A1,F,C1,56,II,unknown,wild type,wild type,mutated,wild type,mutated,wild type,wild type,wild type,wild type,wild type,wild type,wild type,wild type,mutated,mutated,wild type,wild type,mutated,wild type
P0567,Type B,Type B,F,C2,62,IV,wild type,mutated,wild type,wild type,mutated,wild type,mutated,mutated,mutated,wild type,mutated,wild type,wild type,wild type,mutated,mutated,wild type,mutated,wild type,wild type
P0419,Type B,Type B,F,C1,50,IV,mutated,wild type,wild type,wild type,wild type,unknown,wild type,wild type,mutated,wild type,wild type,wild type,unknown,mutated,wild type,wild type,mutated,mutated,mutated,mutated
P0030,Type A,A1,F,C2,40,I,mutated,mutated,wild type,wild type,wild type,mutated,mutated,wild type,wild type,wild type,mutated,wild type,mutated,unknown,wild type,mutated,unknown,wild type,wild type,wild type
P0203,Type A,A2,M,C2,81,III,unknown,wild type,mutated,mutated,mutated,wild type,wild type,mutated,wild type,wild type,wild type,wild type,wild type,wild type,wild type,mutated,mutated,mutated,wild type,wild type
P0065,Type A,A1,M,C2,68,IV,wild type,wild type,mutated,wild type,mutated,wild type,wild type,mutated,mutated,wild type,mutated,wild type,mutated,wild type,wild type,wild type,mutated,wild type,wild type,mutated
P0160,Type A,A1,M,C1,60,III,wild type,wild type,mutated,mutated,wild type,wild type,mutated,mutated,wild type,wild type,wild type,mutated,wild type,wild type,wild type,mutated,wild type,wild type,wild type,mutated
P0081,Type A,A1,M,C2,70,IV,wild type,wild type,mutated,wild type,wild type,wild type,mutated,wild type,mutated,wild type,mutated,wild type,mutated,mutated,wild type,wild type,wild type,wild type,wild type,mutated
P0018,Type A,A1,F,C1,47,IV,mutated,wild type,wild type,wild type,mutated,mutated,wild type,mutated,wild type,unknown,mutated,wild type,wild type,wild type,wild type,mutated,wild type,wild type,mutated,mutated
P0133,Type A,A1,F,C1,60,II,wild type,wild type,wild type,wild type,wild type,wild type,mutated,wild type,wild type,wild type,wild type,mutated,wild type,mutated,wild type,wild type,wild type,wild type,wild type,mutated
P0454,Type B,Type B,M,C3,54,I,wild type,wild type,mutated,wild type,mutated,wild type,mutated,wild type,mutated,mutated,wild type,mutated,wild type,wild type,wild type,mutated,wild type,mutated,wild type,mutated
P0589,Type B,Type B,F,C1,71,I,wild type,wild type,wild type,mutated,wild type,wild type,wild type,wild type,mutated,wild type,wild type,wild type,wild type,mutated,mutated,wild type,wild type,wild type,mutated,mutated
P0416,Type B,Type B,F,C2,74,I,mutated,wild type,wild type,mutated,mutated,wild type,wild type,wild type,mutated,wild type,wild type,mutated,wild type,wild type,wild type,wild type,mutated,mutated,mutated,mutated
P0585,Type B,Type B,F,C1,67,III,wild type,wild type,wild type,mutated,mutated,wild type,mutated,wild type,mutated,wild type,wild type,wild type,wild type,wild type,wild type,mutated,wild type,wild type,wild type,mutated
P0440,Type B,Type B,F,C2,73,II,mutated,wild type,wild type,wild type,wild type,wild type,mutated,mutated,mutated,wild type,wild type,mutated,wild type,wild type,wild type,mutated,wild type,wild type,mutated,wild type
P0270,Type A,A2,M,C3,68,I,mutated,wild type,wild type,wild type,wild type,wild type,mutated,mutated,mutated,wild type,wild type,wild type,wild type,wild type,wild type,wild type,wild type,mutated,wild type,unknown
P0321,Type A,A2,M,C1,42,II,mutated,unknown,wild type,wild type,wild type,mutated,mutated,mutated,wild type,wild type,wild type,wild type,mutated,wild type,wild type,mutated,mutated,wild type,unknown,unknown
P0376,Type B,Type B,M,C3,52,III,mutated,mutated,wild type,wild type,wild type,wild type,mutated,mutated,mutated,wild type,wild type,mutated,wild type,wild type,unknown,mutated,mutated,mutated,wild type,mutated
P0278,Type A,A2,F,C1,65,II,wild type,wild type,wild type,wild type,mutated,wild type,mutated,mutated,wild type,mutated,mutated,wild type,wild type,wild type,wild type,mutated,mutated,wild type,wild type,wild type
P0219,Type A,A2,F,C3,74,II,wild type,mutated,mutated,mutated,wild type,wild type,wild type,mutated,mutated,mutated,wild type,wild type,wild type,wild type,unknown,mutated,wild type,wild type,wild type,mutated
P0362,Type B,Type B,M,C1,61,II,wild type,mutated,mutated,wild type,unknown,wild type,mutated,mutated,mutated,wild type,wild type,wild type,mutated,wild type,wild type,wild type,mutated,wild type,wild type,wild type
P0519,Type B,Type B,F,C3,54,III,wild type,wild type,wild type,wild type,wild type,mutated,mutated,wild type,wild type,wild type,wild type,mutated,mutated,wild type,unknown,mutated,wild type,mutated,wild type,mutated
P0120,Type A,A1,M,C1,71,I,wild type,mutated,mutated,mutated,mutated,wild type,mutated,mutated,mutated,wild type,wild type,wild type,wild type,wild type,wild type,wild type,wild type,wild type,wild type,mutated
P0181,Type A,A1,M,C2,53,I,wild type,wild type,mutated,wild type,wild type,mutated,mutated,wild type,wild type,mutated,mutated,mutated,wild type,wild type,wild type,mutated,wild type,wild type,wild type,wild type
P0134,Type A,A1,F,C1,59,III,mutated,wild type,mutated,wild type,mutated,wild type,mutated,wild type,mutated,wild type,wild type,mutated,mutated,unknown,unknown,wild type,wild type,wild type,wild type,mutated
P0116,Type A,A1,M,C1,47,IV,wild type,wild type,mutated,wild type,wild type,unknown,wild type,wild type,unknown,unknown,wild type,wild type,mutated,wild type,wild type,mutated,mutated,wild type,mutated,wild type
P0192,Type A,A1,F,C2,52,II,wild type,wild type,wild type,mutated,mutated,wild type,wild type,wild type,mutated,wild type,wild type,wild type,mutated,wild type,wild type,mutated,wild type,wild type,wild type,mutated
P0412,Type B,Type B,F,C1,68,I,wild type,wild type,wild type,mutated,wild type,mutated,wild type,mutated,mutated,wild type,wild type,wild type,wild type,wild type,wild type,mutated,wild type,wild type,wild type,mutated
P0216,Type A,A2,F,C3,61,IV,wild type,wild type,wild type,wild type,mutated,mutated,wild type,wild type,wild type,unknown,wild type,mutated,mutated,mutated,unknown,wild type,wild type,wild type,mutated,wild type
P0388,Type B,Type B,F,C2,42,I,wild type,wild type,wild type,wild type,mutated,wild type,wild type,wild type,wild type,wild type,wild type,mutated,wild type,mutated,wild type,wild type,wild type,wild type,wild type,wild type
P0172,Type A,A1,M,C2,69,IV,mutated,mutated,mutated,wild type,mutated,wild type,wild type,mutated,wild type,wild type,wild type,mutated,wild type,wild type,unknown,mutated,wild type,mutated,unknown,mutated
P0361,Type B,Type B,M,C1,63,III,wild type,wild type,wild type,wild type,wild type,wild type,wild type,wild type,wild type,mutated,wild type,wild type,mutated,mutated,unknown,mutated,mutated,mutated,mutated,wild type
P0101,Type A,A1,M,C1,62,I,wild type,wild type,mutated,wild type,wild type,mutated,wild type,wild type,mutated,mutated,unknown,wild type,wild type,wild type,wild type,mutated,wild type,wild type,wild type,mutated
P0226,Type A,A2,M,C2,56,III,wild type,unknown,wild type,mutated,mutated,wild type,wild type,mutated,wild type,wild type,mutated,wild type,mutated,mutated,wild type,wild type,mutated,wild type,wild type,mutated
P0077,Type A,A1,M,C1,59,II,wild type,mutated,wild type,mutated,wild type,mutated,mutated,mutated,wild type,wild type,mutated,mutated,mutated,wild type,mutated,mutated,wild type,wild type,wild type,mutated
P0403,Type B,Type B,M,C1,63,II,wild type,mutated,wild type,mutated,mutated,wild type,wild type,mutated,mutated,wild type,wild type,mutated,wild type,wild type,wild type,wild type,unknown,unknown,wild type,wild type
P0086,Type A,A1,M,C2,60,II,mutated,wild type,mutated,wild type,wild type,wild type,mutated,mutated,mutated,wild type,wild type,mutated,wild type,wild type,wild type,mutated,wild type,wild type,mutated,mutated
P0338,Type A,A2,F,C3,59,IV,mutated,wild type,mutated,mutated,mutated,wild type,wild type,wild type,mutated,wild type,wild type,mutated,mutated,wild type,unknown,wild type,wild type,mutated,wild type,wild type
P0261,Type A,A2,M,C2,39,III,wild type,wild type,mutated,wild type,wild type,mutated,mutated,wild type,wild type,wild type,wild type,mutated,mutated,wild type,mutated,mutated,wild type,mutated,wild type,wild type
P0334,Type A,A2,F,C1,72,II,wild type,wild type,mutated,mutated,wild type,wild type,wild type,mutated,wild type,wild type,wild type,mutated,mutated,wild type,wild type,mutated,wild type,mutated,mutated,wild type
P0516,Type B,Type B,M,C1,51,IV,wild type,wild type,wild type,wild type,wild type,wild type,wild type,wild type,mutated,wild type,wild type,wild type,wild type,mutated,mutated,mutated,mutated,mutated,wild type,mutated
P0320,Type A,A2,M,C3,60,III,mutated,wild type,mutated,wild type,wild type,wild type,wild type,mutated,wild type,wild type,mutated,mutated,wild type,mutated,wild type,mutated,unknown,wild type,wild type,mutated
P0094,Type A,A1,F,C1,40,III,mutated,wild type,wild type,wild type,wild type,wild type,mutated,wild type,mutated,wild type,mutated,mutated,wild type,mutated,mutated,mutated,wild type,wild type,wild type,wild type
P0231,Type A,A2,M,C2,43,IV,mutated,mutated,mutated,mutated,mutated,mutated,mutated,mutated,mutated,mutated,mutated,wild type,mutated,wild type,wild type,wild type,unknown,unknown,wild type,mutated
P0243,Type A,A2,F,C2,60,I,mutated,wild type,mutated,wild type,wild type,wild type,mutated,wild type,mutated,mutated,wild type,wild type,wild type,wild type,mutated,mutated,wild type,mutated,mutated,mutated
P0214,Type A,A2,M,C3,65,III,mutated,wild type,wild type,wild type,mutated,mutated,wild type,mutated,mutated,wild type,wild type,mutated,unknown,mutated,wild type,mutated,wild type,wild type,mutated,wild type
P0071,Type A,A1,F,C2,54,II,wild type,wild type,mutated,wild type,wild type,wild type,wild type,wild type,mutated,wild type,wild type,wild type,wild type,mutated,mutated,mutated,mutated,wild type,wild type,wild type
P0583,Type B,Type B,M,C1,69,III,wild type,wild type,wild type,wild type,wild type,wild type,mutated,wild type,wild type,wild type,wild type,wild type,wild type,wild type,mutated,mutated,wild type,wild type,mutated,mutated
P0255,Type A,A2,F,C1,58,II,unknown,wild type,wild type,wild type,wild type,wild type,mutated,mutated,unknown,wild type,wild type,wild type,mutated,mutated,mutated,mutated,wild type,wild type,wild type,wild type
P0145,Type A,A1,F,C2,40,III,mutated,mutated,wild type,mutated,mutated,wild type,wild type,mutated,unknown,mutated,mutated,mutated,mutated,mutated,unknown,wild type,mutated,unknown,wild type,mutated
P0117,Type A,A1,F,C1,63,IV,wild type,wild type,wild type,wild type,wild type,mutated,mutated,wild type,mutated,mutated,mutated,wild type,mutated,mutated,mutated,mutated,wild type,wild type,wild type,mutated
P0590,Type B,Type B,M,C1,53,III,mutated,wild type,wild type,wild type,mutated,wild type,mutated,wild type,mutated,mutated,wild type,wild type,wild type,wild type,wild type,wild type,wild type,wild type,wild type,mutated
P0040,Type A,A1,M,C1,55,III,mutated,mutated,wild type,wild type,wild type,wild type,wild type,mutated,mutated,mutated,wild type,wild type,wild type,mutated,wild type,wild type,wild type,wild type,mutated,wild type
P0598,Type B,Type B,F,C2,55,III,wild type,wild type,wild type,mutated,wild type,wild type,wild type,wild type,wild type,mutated,mutated,mutated,wild type,wild type,mutated,mutated,wild type,wild type,mutated,mutated
P0200,Type A,A1,M,C1,59,II,mutated,wild type,wild type,wild type,mutated,wild type,mutated,mutated,mutated,wild type,unknown,mutated,wild type,unknown,wild type,mutated,wild type,wild type,wild type,wild type
P0383,Type B,Type B,M,C1,59,IV,unknown,wild type,wild type,mutated,wild type,wild type,mutated,mutated,wild type,wild type,wild type,mutated,mutated,mutated,mutated,mutated,mutated,wild type,wild type,wild type
P0456,Type B,Type B,F,C2,64,IV,wild type,mutated,wild type,mutated,wild type,unknown,mutated,wild type,mutated,wild type,mutated,mutated,wild type,wild type,wild type,wild type,wild type,wild type,wild type,mutated
P0411,Type B,Type B,M,C1,61,IV,wild type,mutated,wild type,mutated,wild type,mutated,wild type,mutated,mutated,unknown,wild type,wild type,wild type,wild type,mutated,wild type,mutated,wild type,wild type,mutated
P0331,Type A,A2,F,C2,62,II,mutated,wild type,mutated,wild type,wild type,wild type,wild type,mutated,wild type,wild type,wild type,mutated,wild type,wild type,mutated,wild type,wild type,wild type,mutated,mutated
P0487,Type B,Type B,F,C3,63,III,mutated,wild type,wild type,mutated,mutated,wild type,mutated,wild type,mutated,mutated,wild type,wild type,wild type,wild type,unknown,mutated,wild type,mutated,wild type,unknown
P0498,Type B,Type B,M,C3,56,III,mutated,wild type,wild type,wild type,mutated,mutated,mutated,mutated,mutated,wild type,mutated,mutated,wild type,mutated,unknown,wild type,wild type,mutated,wild type,mutated
P0144,Type A,A1,M,C2,52,II,mutated,wild type,mutated,wild type,wild type,wild type,mutated,wild type,mutated,wild type,wild type,wild type,wild type,wild type,wild type,wild type,mutated,wild type,wild type,mutated
P0442,Type B,Type B,M,C2,40,III,mutated,mutated,wild type,wild type,wild type,unknown,wild type,wild type,wild type,mutated,mutated,wild type,wild type,mutated,wild type,wild type,wild type,mutated,mutated,wild type
P0504,Type B,Type B,F,C3,40,III,wild type,mutated,wild type,wild type,mutated,wild type,mutated,wild type,mutated,wild type,wild type,wild type,wild type,wild type,unknown,mutated,wild type,wild type,wild type,mutated
P0168,Type A,A1,M,C2,50,III,wild type,wild type,wild type,wild type,wild type,unknown,wild type,wild type,mutated,wild type,wild type,mutated,mutated,wild type,mutated,wild type,mutated,mutated,wild type,wild type
P0578,Type B,Type B,F,C1,60,III,wild type,wild type,wild type,wild type,wild type,wild type,wild type,mutated,wild type,mutated,unknown,mutated,wild type,wild type,unknown,wild type,mutated,wild type,wild type,mutated
P0439,Type B,Type B,M,C3,53,II,mutated,wild type,wild type,mutated,wild type,wild type,wild type,wild type,mutated,wild type,wild type,wild type,wild type,wild type,unknown,wild type,wild type,wild type,wild type,mutated
P0457,Type B,Type B,M,C3,79,I,mutated,wild type,mutated,mutated,wild type,mutated,mutated,wild type,wild type,wild type,unknown,wild type,wild type,wild type,wild type,mutated,mutated,wild type,wild type,mutated
P0390,Type B,Type B,F,C2,56,II,wild type,wild type,wild type,wild type,mutated,wild type,wild type,wild type,wild type,wild type,wild type,wild type,wild type,wild type,wild type,mutated,wild type,wild type,wild type,mutated
P0282,Type A,A2,M,C2,71,III,wild type,mutated,mutated,wild type,mutated,wild type,mutated,wild type,mutated,wild type,wild type,wild type,wild type,wild type,wild type,wild type,wild type,wild type,wild type,wild type
P0493,Type B,Type B,M,C2,47,II,wild type,wild type,wild type,mutated,wild type,wild type,mutated,wild type,mutated,mutated,mutated,mutated,mutated,wild type,mutated,mutated,wild type,mutated,wild type,unknown
P0464,Type B,Type B,M,C2,58,II,wild type,wild type,wild type,wild type,wild type,wild type,mutated,mutated,wild type,wild type,wild type,mutated,wild type,wild type,mutated,mutated,wild type,mutated,wild type,mutated
P0437,Type B,Type B,F,C2,58,III,wild type,wild type,mutated,wild type,wild type,wild type,mutated,wild type,wild type,wild type,wild type,mutated,wild type,wild type,unknown,wild type,wild type,mutated,wild type,wild type
P0375,Type B,Type B,M,C3,60,II,wild type,wild type,wild type,wild type,mutated,wild type,wild type,wild type,mutated,mutated,mutated,wild type,wild type,wild type,wild type,mutated,wild type,wild type,wild type,mutated
P0288,Type A,A2,F,C1,78,III,wild type,wild type,mutated,mutated,mutated,mutated,mutated,wild type,wild type,wild type,unknown,wild type,wild type,wild type,wild type,mutated,wild type,wild type,wild type,wild type
P0426,Type B,Type B,F,C1,63,I,mutated,wild type,wild type,wild type,wild type,mutated,mutated,mutated,wild type,wild type,wild type,mutated,wild type,wild type,wild type,mutated,wild type,wild type,wild type,mutated
P0137,Type A,A1,M,C3,63,IV,wild type,wild type,mutated,mutated,mutated,wild type,mutated,wild type,mutated,wild type,mutated,mutated,wild type,wild type,unknown,wild type,wild type,wild type,mutated,wild type
P0494,Type B,Type B,F,C1,56,II,wild type,mutated,wild type,wild type,wild type,mutated,wild type,wild type,mutated,wild type,wild type,mutated,wild type,wild type,mutated,mutated,wild type,wild type,wild type,mutated
P0393,Type B,Type B,F,C1,58,I,wild type,wild type,wild type,mutated,wild type,wild type,wild type,wild type,mutated,mutated,wild type,wild type,wild type,wild type,wild type,wild type,wild type,wild type,wild type,wild type
P0089,Type A,A1,M,C2,66,II,wild type,wild type,wild type,wild type,mutated,wild type,mutated,mutated,wild type,wild type,wild type,mutated,wild type,mutated,mutated,wild type,wild type,mutated,wild type,mutated
P0210,Type A,A2,M,C3,63,I,mutated,mutated,mutated,mutated,mutated,wild type,mutated,wild type,wild type,wild type,wild type,wild type,wild type,wild type,unknown,wild type,wild type,wild type,wild type,mutated
P0024,Type A,A1,M,C1,66,III,wild type,wild type,mutated,mutated,wild type,wild type,mutated,unknown,wild type,wild type,wild type,wild type,wild type,wild type,mutated,mutated,wild type,mutated,wild type,wild type
P0254,Type A,A2,F,C3,34,I,wild type,mutated,wild type,wild type,wild type,mutated,wild type,mutated,wild type,wild type,wild type,mutated,mutated,wild type,unknown,unknown,wild type,wild type,wild type,mutated
P0202,Type A,A2,F,C3,50,III,mutated,wild type,mutated,mutated,wild type,mutated,wild type,mutated,wild type,wild type,wild type,wild type,wild type,wild type,mutated,wild type,mutated,wild type,mutated,wild type
P0469,Type B,Type B,F,C1,41,II,mutated,wild type,wild type,wild type,wild type,unknown,mutated,wild type,wild type,wild type,mutated,mutated,wild type,wild type,wild type,wild type,wild type,mutated,wild type,mutated
P0152,Type A,A1,M,C1,67,I,wild type,wild type,wild type,wild type,wild type,mutated,wild type,wild type,mutated,wild type,mutated,mutated,mutated,wild type,unknown,mutated,mutated,mutated,wild type,wild type
P0169,Type A,A1,M,C2,64,II,wild type,wild type,mutated,mutated,wild type,wild type,wild type,mutated,wild type,wild type,wild type,wild type,wild type,wild type,wild type,mutated,wild type,wild type,wild type,mutated
P0424,Type B,Type B,F,C2,69,I,wild type,wild type,wild type,wild type,mutated,mutated,wild type,mutated,mutated,wild type,mutated,mutated,wild type,wild type,unknown,wild type,wild type,mutated,wild type,mutated
P0593,Type B,Type B,M,C2,53,III,wild type,wild type,wild type,wild type,mutated,wild type,mutated,wild type,wild type,mutated,mutated,mutated,wild type,wild type,wild type,wild type,wild type,wild type,wild type,mutated
P0340,Type A,A2,M,C2,55,IV,wild type,mutated,mutated,wild type,mutated,mutated,wild type,mutated,wild type,unknown,mutated,mutated,mutated,wild type,wild type,mutated,wild type,mutated,wild type,mutated
P0209,Type A,A2,M,C2,50,I,wild type,wild type,wild type,wild type,wild type,mutated,wild type,wild type,wild type,mutated,wild type,mutated,mutated,wild type,mutated,wild type,wild type,mutated,wild type,mutated
P0596,Type B,Type B,F,C2,35,IV,mutated,wild type,wild type,mutated,wild type,wild type,mutated,wild type,wild type,unknown,wild type,mutated,wild type,mutated,mutated,unknown,wild type,wild type,wild type,mutated
P0176,Type A,A1,M,C1,48,III,mutated,mutated,wild type,wild type,mutated,wild type,wild type,mutated,mutated,wild type,wild type,wild type,wild type,wild type,wild type,wild type,mutated,mutated,unknown,wild type
P0370,Type B,Type B,M,C2,73,III,wild type,mutated,wild type,wild type,mutated,wild type,mutated,wild type,wild type,wild type,mutated,mutated,wild type,wild type,wild type,wild type,wild type,wild type,wild type,mutated
P0391,Type B,Type B,M,C3,38,III,wild type,wild type,wild type,mutated,wild type,wild type,mutated,mutated,mutated,mutated,wild type,wild type,mutated,wild type,unknown,wild type,wild type,mutated,wild type,mutated
P0521,Type B,Type B,F,C1,36,IV,wild type,wild type,wild type,wild type,unknown,wild type,mutated,mutated,mutated,mutated,wild type,wild type,wild type,mutated,wild type,mutated,unknown,wild type,wild type,wild type
P0066,Type A,A1,M,C1,55,IV,mutated,mutated,wild type,wild type,mutated,wild type,wild type,mutated,mutated,mutated,wild type,wild type,wild type,wild type,mutated,mutated,mutated,wild type,wild type,wild type
P0238,Type A,A2,M,C3,76,IV,mutated,mutated,mutated,wild type,wild type,wild type,wild type,wild type,mutated,wild type,wild type,mutated,wild type,mutated,unknown,mutated,wild type,wild type,wild type,mutated
P0409,Type B,Type B,M,C1,70,III,wild type,wild type,wild type,wild type,mutated,wild type,mutated,wild type,mutated,wild type,unknown,wild type,mutated,wild type,wild type,mutated,wild type,mutated,wild type,wild type
P0580,Type B,Type B,M,C1,54,I,mutated,wild type,mutated,mutated,wild type,wild type,mutated,wild type,mutated,wild type,wild type,wild type,wild type,wild type,wild type,wild type,mutated,wild type,wild type,mutated
P0292,Type A,A2,F,C3,65,II,wild type,wild type,mutated,mutated,wild type,mutated,wild type,mutated,mutated,wild type,wild type,mutated,mutated,wild type,unknown,mutated,wild type,wild type,wild type,wild type
P0164,Type A,A1,F,C2,60,I,mutated,wild type,wild type,wild type,wild type,wild type,wild type,mutated,wild type,mutated,mutated,wild type,wild type,wild type,wild type,wild type,mutated,mutated,wild type,wild type
P0356,Type A,A2,F,C1,61,II,wild type,wild type,wild type,wild type,wild type,mutated,wild type,mutated,mutated,wild type,wild type,mutated,wild type,mutated,mutated,mutated,mutated,wild type,unknown,wild type
P0566,Type B,Type B,M,C3,82,I,mutated,wild type,wild type,wild type,mutated,mutated,mutated,wild type,wild type,wild type,wild type,wild type,wild type,wild type,unknown,mutated,mutated,mutated,wild type,wild type
P0135,Type A,A1,F,C1,81,II,wild type,wild type,mutated,wild type,mutated,wild type,mutated,wild type,mutated,wild type,mutated,wild type,wild type,mutated,wild type,wild type,wild type,mutated,wild type,wild type
P0515,Type B,Type B,F,C3,58,I,wild type,wild type,wild type,mutated,wild type,wild type,wild type,wild type,wild type,mutated,wild type,wild type,wild type,wild type,unknown,mutated,wild type,wild type,wild type,wild type
P0305,Type A,A2,F,C3,68,I,mutated,wild type,mutated,unknown,wild type,wild type,wild type,mutated,mutated,mutated,mutated,mutated,wild type,wild type,wild type,wild type,wild type,wild type,wild type,mutated
P0461,Type B,Type B,M,C2,57,II,mutated,wild type,wild type,mutated,mutated,wild type,mutated,wild type,mutated,mutated,mutated,mutated,wild type,wild type,mutated,mutated,mutated,wild type,wild type,wild type
P0140,Type A,A1,F,C1,60,IV,wild type,wild type,wild type,wild type,wild type,wild type,mutated,wild type,mutated,wild type,unknown,mutated,mutated,mutated,unknown,wild type,wild type,wild type,wild type,wild type
P0211,Type A,A2,M,C3,51,IV,wild type,mutated,mutated,wild type,wild type,mutated,mutated,wild type,wild type,wild type,wild type,wild type,mutated,wild type,unknown,wild type,wild type,wild type,wild type,wild type
P0161,Type A,A1,M,C1,79,I,wild type,mutated,mutated,wild type,wild type,wild type,wild type,mutated,mutated,mutated,mutated,mutated,wild type,wild type,mutated,wild type,wild type,wild type,wild type,mutated
P0092,Type A,A1,M,C2,51,III,mutated,wild type,mutated,wild type,wild type,wild type,mutated,wild type,wild type,wild type,wild type,mutated,mutated,mutated,wild type,mutated,mutated,wild type,mutated,mutated
P0420,Type B,Type B,M,C3,67,II,wild type,wild type,wild type,wild type,wild type,wild type,mutated,wild type,mutated,unknown,wild type,wild type,mutated,wild type,unknown,wild type,wild type,wild type,wild type,mutated
P0565,Type B,Type B,M,C1,69,II,wild type,wild type,wild type,wild type,wild type,wild type,wild type,wild type,wild type,wild type,wild type,wild type,wild type,wild type,wild type,wild type,mutated,wild type,wild type,mutated
P0032,Type A,A1,F,C2,68,II,wild type,wild type,mutated,wild type,wild type,wild type,wild type,wild type,wild type,wild type,wild type,wild type,unknown,wild type,mutated,mutated,wild type,wild type,wild type,wild type
P0300,Type A,A2,M,C3,59,III,wild type,wild type,mutated,wild type,wild type,wild type,wild type,wild type,mutated,mutated,wild type,mutated,wild type,wild type,mutated,mutated,mutated,wild type,wild type,mutated
P0060,Type A,A1,F,C3,52,III,wild type,wild type,wild type,wild type,mutated,wild type,wild type,wild type,wild type,wild type,wild type,mutated,mutated,mutated,mutated,mutated,wild type,mutated,mutated,wild type
P0527,Type B,Type B,F,C3,48,II,wild type,wild type,wild type,mutated,wild type,wild type,wild type,mutated,wild type,wild type,wild type,wild type,wild type,wild type,unknown,wild type,wild type,mutated,wild type,wild type
P0304,Type A,A2,F,C2,57,II,mutated,mutated,wild type,wild type,wild type,wild type,mutated,mutated,wild type,wild type,wild type,wild type,mutated,mutated,mutated,mutated,wild type,mutated,wild type,mutated
P0367,Type B,Type B,F,C1,58,II,wild type,wild type,wild type,mutated,wild type,mutated,wild type,wild type,wild type,wild type,wild type,wild type,wild type,wild type,wild type,mutated,wild type,mutated,mutated,mutated
P0051,Type A,A1,F,C2,56,II,mutated,mutated,wild type,mutated,wild type,wild type,wild type,wild type,mutated,wild type,mutated,mutated,wild type,wild type,wild type,mutated,wild type,mutated,wild type,mutated
P0438,Type B,Type B,M,C3,62,I,wild type,mutated,wild type,wild type,wild type,wild type,mutated,wild type,wild type,wild type,mutated,mutated,wild type,wild type,unknown,wild type,wild type,mutated,wild type,mutated
P0271,Type A,A2,F,C3,50,IV,wild type,wild type,wild type,wild type,wild type,wild type,mutated,mutated,wild type,wild type,mutated,mutated,mutated,wild type,unknown,mutated,wild type,wild type,wild type,wild type
P0239,Type A,A2,M,C3,77,III,wild type,wild type,mutated,mutated,wild type,wild type,wild type,mutated,mutated,mutated,wild type,mutated,mutated,wild type,unknown,mutated,mutated,wild type,wild type,wild type
P0423,Type B,Type B,M,C1,64,III,wild type,wild type,mutated,mutated,wild type,mutated,wild type,mutated,mutated,wild type,wild type,wild type,wild type,unknown,wild type,mutated,wild type,wild type,wild type,wild type
P0441,Type B,Type B,F,C2,67,IV,wild type,wild type,wild type,mutated,unknown,wild type,wild type,mutated,mutated,mutated,wild type,mutated,wild type,mutated,wild type,wild type,wild type,wild type,wild type,wild type
P0474,Type B,Type B,F,C2,54,III,mutated,wild type,wild type,wild type,wild type,wild type,mutated,wild type,mutated,wild type,wild type,mutated,mutated,wild type,wild type,wild type,wild type,mutated,wild type,wild type
P0313,Type A,A2,M,C2,68,IV,mutated,wild type,mutated,mutated,mutated,mutated,wild type,wild type,mutated,wild type,wild type,mutated,wild type,unknown,mutated,unknown,wild type,wild type,wild type,mutated
P0276,Type A,A2,F,C1,56,II,wild type,wild type,mutated,mutated,mutated,wild type,mutated,mutated,mutated,wild type,wild type,wild type,wild type,mutated,wild type,wild type,wild type,wild type,wild type,wild type
P0325,Type A,A2,M,C1,60,III,mutated,wild type,wild type,wild type,mutated,mutated,wild type,wild type,wild type,mutated,mutated,mutated,mutated,wild type,mutated,wild type,wild type,mutated,mutated,mutated
P0062,Type A,A1,M,C2,74,II,wild type,wild type,mutated,mutated,mutated,wild type,mutated,wild type,mutated,wild type,wild type,mutated,wild type,wild type,mutated,wild type,mutated,wild type,wild type,mutated
P0222,Type A,A2,M,C1,64,IV,wild type,wild type,mutated,unknown,mutated,wild type,wild type,wild type,mutated,mutated,mutated,mutated,wild type,wild type,wild type,mutated,mutated,mutated,wild type,mutated
P0125,Type A,A1,M,C2,56,III,wild type,wild type,mutated,wild type,mutated,wild type,mutated,mutated,mutated,mutated,wild type,mutated,wild type,mutated,wild type,mutated,mutated,mutated,wild type,mutated
P0128,Type A,A1,M,C1,51,IV,mutated,wild type,wild type,mutated,mutated,wild type,wild type,mutated,wild type,wild type,wild type,wild type,wild type,wild type,wild type,mutated,wild type,mutated,mutated,mutated
P0036,Type A,A1,M,C1,73,I,wild type,wild type,mutated,mutated,mutated,mutated,mutated,mutated,wild type,wild type,mutated,mutated,wild type,mutated,wild type,mutated,wild type,mutated,wild type,wild type
P0463,Type B,Type B,M,C2,54,II,wild type,wild type,wild type,wild type,mutated,wild type,mutated,wild type,mutated,wild type,mutated,mutated,wild type,mutated,wild type,mutated,wild type,wild type,wild type,mutated
P0006,Type A,A1,F,C2,78,III,wild type,mutated,mutated,mutated,wild type,wild type,mutated,mutated,wild type,mutated,wild type,mutated,wild type,wild type,unknown,mutated,mutated,wild type,wild type,wild type
P0594,Type B,Type B,F,C1,70,I,mutated,wild type,wild type,mutated,mutated,unknown,wild type,mutated,mutated,wild type,wild type,mutated,unknown,wild type,wild type,mutated,mutated,mutated,wild type,wild type
P0029,Type A,A1,M,C2,65,I,mutated,wild type,mutated,wild type,wild type,wild type,wild type,wild type,mutated,unknown,wild type,wild type,mutated,wild type,mutated,wild type,wild type,wild type,wild type,wild type
P0225,Type A,A2,F,C3,61,II,mutated,wild type,mutated,wild type,wild type,wild type,wild type,wild type,mutated,wild type,wild type,mutated,wild type,wild type,unknown,wild type,wild type,wild type,wild type,mutated
P0329,Type A,A2,M,C1,65,IV,wild type,mutated,mutated,mutated,wild type,wild type,wild type,mutated,mutated,wild type,wild type,mutated,wild type,unknown,unknown,wild type,wild type,wild type,wild type,wild type
P0091,Type A,A1,F,C2,59,IV,wild type,mutated,wild type,mutated,wild type,wild type,mutated,wild type,wild type,wild type,wild type,wild type,wild type,wild type,mutated,wild type,wild type,mutated,mutated,mutated
P0118,Type A,A1,F,C1,69,II,mutated,wild type,mutated,mutated,wild type,mutated,wild type,mutated,mutated,wild type,wild type,wild type,wild type,wild type,mutated,mutated,unknown,wild type,wild type,wild type
P0337,Type A,A2,M,C2,69,II,mutated,wild type,mutated,wild type,wild type,mutated,wild type,mutated,wild type,mutated,wild type,mutated,wild type,mutated,wild type,mutated,wild type,mutated,wild type,wild type
P0323,Type A,A2,M,C3,57,I,mutated,wild type,mutated,mutated,wild type,mutated,mutated,mutated,wild type,wild type,wild type,wild type,wild type,wild type,unknown,mutated,unknown,wild type,wild type,mutated
P0560,Type B,Type B,M,C1,44,III,wild type,wild type,wild type,mutated,wild type,wild type,mutated,wild type,mutated,mutated,mutated,wild type,wild type,mutated,wild type,wild type,wild type,mutated,wild type,wild type
P0215,Type A,A2,M,C3,65,IV,wild type,wild type,mutated,wild type,wild type,unknown,wild type,wild type,mutated,wild type,wild type,mutated,wild type,mutated,mutated,wild type,wild type,mutated,wild type,wild type
P0467,Type B,Type B,F,C1,68,IV,mutated,wild type,wild type,wild type,mutated,wild type,mutated,wild type,mutated,wild type,wild type,wild type,mutated,wild type,wild type,wild type,mutated,mutated,mutated,wild type
P0157,Type A,A1,F,C1,63,IV,mutated,wild type,mutated,wild type,mutated,wild type,mutated,mutated,wild type,mutated,wild type,wild type,wild type,wild type,wild type,wild type,wild type,wild type,wild type,wild type
P0093,Type A,A1,F,C1,59,IV,wild type,wild type,mutated,wild type,wild type,wild type,wild type,mutated,wild type,wild type,wild type,wild type,mutated,wild type,mutated,wild type,wild type,wild type,mutated,mutated
P0076,Type A,A1,F,C1,84,II,wild type,wild type,mutated,wild type,mutated,mutated,wild type,wild type,mutated,wild type,wild type,wild type,wild type,wild type,wild type,mutated,wild type,wild type,wild type,wild type
P0057,Type A,A1,M,C1,67,II,wild type,wild type,mutated,wild type,mutated,wild type,mutated,wild type,wild type,mutated,wild type,mutated,wild type,wild type,mutated,wild type,wild type,wild type,wild type,wild type
P0298,Type A,A2,M,C2,70,II,unknown,wild type,mutated,wild type,wild type,wild type,mutated,wild type,mutated,wild type,wild type,wild type,mutated,wild type,mutated,wild type,unknown,mutated,wild type,mutated
P0283,Type A,A2,F,C3,64,III,wild type,mutated,mutated,wild type,mutated,wild type,mutated,wild type,mutated,wild type,mutated,mutated,wild type,mutated,unknown,mutated,wild type,mutated,wild type,mutated
P0050,Type A,A1,M,C2,49,IV,mutated,mutated,wild type,mutated,wild type,mutated,wild type,mutated,mutated,wild type,wild type,wild type,wild type,wild type,mutated,mutated,unknown,wild type,wild type,mutated
P0034,Type A,A1,M,C2,62,I,wild type,wild type,wild type,mutated,wild type,wild type,mutated,wild type,wild type,wild type,wild type,wild type,wild type,mutated,wild type,mutated,wild type,mutated,wild type,wild type
P0445,Type B,Type B,F,C2,64,III,mutated,wild type,wild type,wild type,mutated,wild type,mutated,wild type,wild type,wild type,mutated,wild type,wild type,wild type,mutated,mutated,wild type,mutated,wild type,mutated
P0162,Type A,A1,F,C2,70,III,mutated,mutated,mutated,wild type,wild type,wild type,mutated,mutated,mutated,wild type,mutated,wild type,wild type,unknown,mutated,mutated,wild type,wild type,wild type,mutated
P0443,Type B,Type B,F,C2,55,II,wild type,wild type,wild type,wild type,wild type,wild type,mutated,mutated,wild type,wild type,unknown,mutated,mutated,wild type,wild type,mutated,wild type,mutated,mutated,mutated
P0242,Type A,A2,F,C2,49,III,mutated,wild type,mutated,wild type,wild type,wild type,wild type,mutated,wild type,wild type,wild type,mutated,wild type,wild type,unknown,wild type,wild type,mutated,wild type,unknown
P0146,Type A,A1,F,C1,64,II,wild type,wild type,mutated,wild type,unknown,wild type,wild type,wild type,wild type,wild type,wild type,mutated,wild type,mutated,unknown,wild type,wild type,wild type,wild type,wild type
P0126,Type A,A1,M,C2,80,II,wild type,mutated,mutated,wild type,wild type,wild type,wild type,wild type,mutated,wild type,mutated,wild type,wild type,wild type,mutated,wild type,wild type,wild type,wild type,wild type
P0496,Type B,Type B,F,C2,61,I,wild type,wild type,wild type,wild type,mutated,wild type,wild type,wild type,wild type,wild type,wild type,mutated,wild type,wild type,wild type,mutated,mutated,wild type,wild type,wild type
P0333,Type A,A2,F,C1,63,II,wild type,wild type,mutated,mutated,wild type,mutated,wild type,wild type,wild type,mutated,wild type,wild type,mutated,wild type,mutated,wild type,mutated,wild type,mutated,wild type
P0341,Type A,A2,M,C1,71,II,wild type,wild type,mutated,mutated,wild type,mutated,wild type,wild type,wild type,wild type,wild type,wild type,wild type,wild type,wild type,wild type,wild type,wild type,wild type,mutated
P0547,Type B,Type B,F,C1,62,IV,wild type,wild type,wild type,unknown,wild type,wild type,mutated,wild type,mutated,wild type,wild type,mutated,wild type,wild type,wild type,mutated,mutated,mutated,wild type,wild type
P0398,Type B,Type B,F,C3,58,I,wild type,wild type,wild type,mutated,mutated,wild type,wild type,wild type,mutated,mutated,wild type,mutated,wild type,mutated,wild type,mutated,unknown,wild type,mutated,mutated
P0109,Type A,A1,M,C1,81,IV,wild type,wild type,mutated,wild type,wild type,wild type,wild type,wild type,wild type,wild type,mutated,mutated,mutated,mutated,mutated,wild type,mutated,wild type,mutated,wild type
P0564,Type B,Type B,F,C2,83,I,wild type,wild type,wild type,wild type,wild type,wild type,wild type,wild type,mutated,wild type,mutated,wild type,wild type,mutated,unknown,wild type,wild type,wild type,wild type,wild type
P0224,Type A,A2,F,C1,59,IV,wild type,wild type,wild type,wild type,wild type,mutated,wild type,mutated,wild type,wild type,wild type,wild type,wild type,mutated,wild type,mutated,wild type,mutated,wild type,mutated
P0193,Type A,A1,M,C2,58,II,wild type,mutated,wild type,wild type,mutated,wild type,wild type,mutated,mutated,wild type,wild type,wild type,wild type,mutated,wild type,wild type,wild type,wild type,wild type,mutated
P0007,Type A,A1,M,C1,66,IV,wild type,wild type,wild type,wild type,mutated,wild type,mutated,wild type,wild type,wild type,wild type,wild type,wild type,wild type,wild type,wild type,wild type,wild type,wild type,mutated
P0248,Type A,A2,M,C3,69,IV,wild type,mutated,wild type,wild type,mutated,wild type,mutated,mutated,mutated,wild type,wild type,wild type,wild type,wild type,wild type,mutated,wild type,wild type,wild type,mutated
P0484,Type B,Type B,M,C1,44,III,wild type,wild type,wild type,wild type,wild type,wild type,wild type,mutated,wild type,mutated,mutated,mutated,wild type,mutated,wild type,wild type,mutated,wild type,unknown,wild type
P0557,Type B,Type B,M,C1,80,IV,wild type,mutated,wild type,wild type,mutated,wild type,wild type,wild type,wild type,wild type,wild type,mutated,wild type,wild type,mutated,wild type,wild type,mutated,wild type,mutated
P0259,Type A,A2,M,C2,71,I,wild type,wild type,mutated,mutated,wild type,wild type,wild type,wild type,wild type,wild type,mutated,mutated,mutated,wild type,wild type,mutated,mutated,wild type,wild type,mutated
P0082,Type A,A1,F,C1,73,II,wild type,mutated,mutated,wild type,mutated,wild type,mutated,mutated,mutated,wild type,wild type,mutated,wild type,wild type,mutated,mutated,mutated,wild type,wild type,mutated
P0186,Type A,A1,F,C3,64,I,mutated,wild type,wild type,wild type,wild type,wild type,mutated,mutated,wild type,wild type,wild type,mutated,wild type,mutated,unknown,mutated,wild type,wild type,unknown,mutated
P0240,Type A,A2,F,C3,54,III,wild type,wild type,wild type,wild type,mutated,wild type,mutated,unknown,wild type,wild type,wild type,mutated,wild type,wild type,unknown,wild type,mutated,wild type,wild type,wild type
P0517,Type B,Type B,F,C1,39,III,wild type,wild type,wild type,mutated,wild type,wild type,wild type,mutated,mutated,wild type,wild type,wild type,mutated,mutated,wild type,wild type,wild type,wild type,wild type,wild type
P0253,Type A,A2,M,C1,74,III,unknown,wild type,mutated,mutated,wild type,wild type,wild type,mutated,mutated,wild type,wild type,wild type,wild type,wild type,wild type,mutated,wild type,wild type,wild type,wild type
P0471,Type B,Type B,M,C1,42,II,wild type,wild type,wild type,mutated,mutated,wild type,wild type,mutated,wild type,wild type,wild type,mutated,wild type,mutated,wild type,mutated,wild type,mutated,unknown,wild type
P0317,Type A,A2,M,C3,56,III,wild type,wild type,wild type,mutated,wild type,wild type,mutated,mutated,wild type,mutated,wild type,wild type,wild type,mutated,unknown,wild type,wild type,wild type,wild type,wild type
P0234,Type A,A2,M,C3,47,III,wild type,wild type,wild type,wild type,mutated,wild type,mutated,mutated,mutated,mutated,wild type,wild type,unknown,mutated,unknown,mutated,wild type,mutated,wild type,wild type
P0512,Type B,Type B,F,C1,72,IV,wild type,wild type,wild type,mutated,wild type,wild type,wild type,wild type,wild type,mutated,wild type,wild type,wild type,wild type,mutated,mutated,wild type,wild type,wild type,wild type
P0378,Type B,Type B,F,C3,64,II,mutated,wild type,wild type,wild type,wild type,wild type,mutated,wild type,mutated,mutated,wild type,wild type,wild type,wild type,unknown,wild type,wild type,mutated,wild type,mutated
P0266,Type A,A2,F,C2,71,II,mutated,wild type,mutated,mutated,wild type,wild type,mutated,wild type,wild type,mutated,mutated,wild type,wild type,wild type,wild type,wild type,wild type,mutated,wild type,mutated
P0513,Type B,Type B,F,C2,42,IV,mutated,mutated,wild type,wild type,unknown,wild type,mutated,mutated,wild type,wild type,mutated,mutated,wild type,wild type,wild type,wild type,wild type,wild type,wild type,wild type
P0458,Type B,Type B,F,C2,64,III,wild type,wild type,wild type,wild type,wild type,wild type,wild type,mutated,wild type,mutated,wild type,wild type,wild type,mutated,mutated,wild type,wild type,mutated,wild type,mutated
P0377,Type B,Type B,M,C3,51,III,wild type,mutated,wild type,wild type,mutated,mutated,mutated,mutated,wild type,wild type,wild type,mutated,wild type,mutated,wild type,mutated,wild type,wild type,wild type,wild type
P0281,Type A,A2,M,C1,56,I,wild type,mutated,mutated,mutated,mutated,mutated,mutated,wild type,mutated,wild type,wild type,mutated,wild type,wild type,wild type,wild type,mutated,wild type,mutated,mutated
P0112,Type A,A1,F,C2,74,III,mutated,wild type,mutated,wild type,wild type,wild type,wild type,mutated,mutated,wild type,mutated,wild type,mutated,mutated,wild type,wild type,wild type,wild type,wild type,wild type
P0099,Type A,A1,M,C2,56,III,mutated,wild type,mutated,mutated,mutated,mutated,mutated,mutated,unknown,mutated,wild type,mutated,mutated,wild type,mutated,mutated,wild type,mutated,mutated,mutated
P0013,Type A,A1,M,C3,84,III,wild type,wild type,mutated,wild type,unknown,mutated,mutated,wild type,wild type,wild type,mutated,mutated,wild type,mutated,mutated,mutated,wild type,mutated,wild type,wild type
P0087,Type A,A1,M,C2,51,II,mutated,wild type,wild type,wild type,unknown,mutated,mutated,wild type,wild type,mutated,wild type,wild type,wild type,wild type,mutated,mutated,wild type,wild type,mutated,mutated
P0279,Type A,A2,F,C2,42,I,mutated,wild type,wild type,wild type,mutated,wild type,mutated,wild type,wild type,mutated,wild type,wild type,wild type,wild type,wild type,mutated,wild type,wild type,wild type,mutated
P0265,Type A,A2,F,C3,49,II,wild type,wild type,wild type,mutated,wild type,mutated,wild type,wild type,wild type,wild type,wild type,wild type,wild type,unknown,unknown,mutated,wild type,mutated,wild type,mutated
P0360,Type A,A2,M,C3,34,II,mutated,wild type,wild type,mutated,wild type,wild type,mutated,mutated,unknown,wild type,wild type,wild type,wild type,wild type,unknown,wild type,wild type,wild type,mutated,mutated
P0576,Type B,Type B,F,C2,72,III,wild type,wild type,wild type,wild type,wild type,wild type,mutated,mutated,mutated,wild type,wild type,mutated,wild type,wild type,wild type,mutated,wild type,wild type,wild type,mutated
P0163,Type A,A1,F,C2,34,II,mutated,wild type,mutated,mutated,wild type,mutated,mutated,wild type,mutated,wild type,wild type,mutated,wild type,wild type,wild type,wild type,wild type,wild type,wild type,wild type
P0177,Type A,A1,F,C2,64,III,mutated,wild type,mutated,wild type,mutated,wild type,wild type,mutated,wild type,mutated,wild type,mutated,wild type,wild type,mutated,wild type,wild type,unknown,wild type,mutated
P0150,Type A,A1,F,C2,72,II,mutated,wild type,mutated,wild type,wild type,wild type,wild type,unknown,wild type,mutated,wild type,wild type,wild type,mutated,wild type,mutated,wild type,wild type,wild type,wild type
P0141,Type A,A1,M,C2,60,I,wild type,mutated,mutated,wild type,unknown,wild type,wild type,wild type,mutated,wild type,unknown,wild type,wild type,wild type,wild type,wild type,wild type,wild type,wild type,mutated
P0371,Type B,Type B,F,C2,59,II,wild type,wild type,wild type,wild type,mutated,wild type,mutated,wild type,mutated,wild type,mutated,mutated,mutated,mutated,wild type,wild type,wild type,wild type,wild type,wild type
P0541,Type B,Type B,F,C1,56,II,wild type,wild type,wild type,wild type,wild type,wild type,mutated,mutated,wild type,wild type,wild type,wild type,mutated,wild type,mutated,wild type,wild type,wild type,wild type,unknown
P0149,Type A,A1,F,C1,61,II,wild type,wild type,mutated,wild type,wild type,wild type,wild type,wild type,mutated,mutated,mutated,mutated,wild type,mutated,wild type,wild type,wild type,wild type,wild type,wild type
P0043,Type A,A1,M,C2,69,IV,wild type,wild type,mutated,mutated,wild type,wild type,mutated,wild type,wild type,mutated,wild type,mutated,wild type,mutated,mutated,wild type,wild type,wild type,mutated,wild type
P0359,Type A,A2,M,C3,60,II,mutated,wild type,mutated,wild type,wild type,wild type,wild type,wild type,mutated,wild type,wild type,mutated,mutated,wild type,unknown,wild type,wild type,mutated,wild type,wild type
P0316,Type A,A2,F,C3,72,II,wild type,wild type,mutated,wild type,wild type,mutated,wild type,wild type,mutated,wild type,wild type,wild type,wild type,wild type,unknown,wild type,wild type,wild type,wild type,mutated
P0397,Type B,Type B,M,C2,67,I,mutated,wild type,mutated,mutated,mutated,mutated,mutated,mutated,wild type,wild type,mutated,mutated,wild type,mutated,wild type,mutated,wild type,wild type,wild type,wild type
P0185,Type A,A1,F,C2,64,I,wild type,wild type,wild type,mutated,wild type,mutated,mutated,wild type,mutated,wild type,wild type,wild type,wild type,wild type,mutated,wild type,mutated,wild type,wild type,mutated
P0355,Type A,A2,M,C3,81,IV,mutated,unknown,wild type,mutated,mutated,wild type,mutated,mutated,wild type,wild type,mutated,wild type,wild type,wild type,wild type,mutated,wild type,mutated,wild type,wild type
P0262,Type A,A2,M,C1,65,II,mutated,wild type,mutated,wild type,wild type,wild type,mutated,mutated,mutated,wild type,wild type,wild type,wild type,mutated,wild type,mutated,wild type,wild type,wild type,wild type
P0114,Type A,A1,F,C1,69,III,wild type,wild type,wild type,mutated,wild type,wild type,mutated,mutated,mutated,wild type,wild type,mutated,wild type,wild type,wild type,wild type,mutated,mutated,wild type,mutated
P0417,Type B,Type B,F,C1,55,II,mutated,wild type,wild type,wild type,wild type,mutated,wild type,mutated,mutated,wild type,wild type,wild type,mutated,wild type,wild type,mutated,wild type,wild type,mutated,mutated
P0119,Type A,A1,F,C2,64,I,wild type,wild type,wild type,wild type,wild type,wild type,mutated,mutated,mutated,mutated,wild type,mutated,wild type,mutated,wild type,mutated,wild type,wild type,wild type,mutated
P0187,Type A,A1,F,C1,59,I,unknown,wild type,wild type,wild type,wild type,wild type,mutated,mutated,wild type,wild type,mutated,mutated,wild type,wild type,wild type,wild type,wild type,mutated,unknown,mutated
P0110,Type A,A1,M,C2,51,IV,wild type,wild type,wild type,mutated,mutated,wild type,mutated,mutated,mutated,wild type,wild type,mutated,wild type,wild type,wild type,wild type,wild type,mutated,wild type,wild type
P0303,Type A,A2,M,C3,47,II,wild type,wild type,wild type,wild type,mutated,wild type,wild type,mutated,wild type,wild type,wild type,mutated,wild type,wild type,unknown,mutated,wild type,wild type,mutated,mutated
P0345,Type A,A2,F,C2,69,IV,wild type,wild type,mutated,wild type,wild type,wild type,mutated,mutated,wild type,mutated,wild type,wild type,wild type,wild type,wild type,mutated,wild type,wild type,wild type,mutated
P0022,Type A,A1,M,C3,57,IV,wild type,wild type,wild type,wild type,mutated,wild type,wild type,unknown,mutated,wild type,wild type,mutated,wild type,wild type,unknown,mutated,wild type,wild type,mutated,mutated
P0472,Type B,Type B,F,C1,50,IV,mutated,wild type,wild type,wild type,wild type,wild type,mutated,wild type,mutated,wild type,wild type,mutated,wild type,wild type,wild type,wild type,mutated,wild type,mutated,mutated
P0561,Type B,Type B,M,C3,66,IV,wild type,wild type,wild type,wild type,mutated,wild type,wild type,mutated,mutated,wild type,wild type,wild type,wild type,wild type,unknown,wild type,wild type,wild type,mutated,unknown
P0223,Type A,A2,F,C3,69,III,wild type,mutated,wild type,mutated,wild type,wild type,wild type,mutated,mutated,mutated,wild type,mutated,wild type,wild type,wild type,wild type,wild type,mutated,wild type,wild type
P0542,Type B,Type B,F,C2,61,II,mutated,wild type,mutated,wild type,wild type,wild type,wild type,mutated,mutated,wild type,wild type,mutated,wild type,wild type,wild type,mutated,wild type,wild type,wild type,mutated
P0552,Type B,Type B,F,C3,60,II,wild type,wild type,wild type,wild type,wild type,wild type,mutated,wild type,unknown,wild type,wild type,wild type,mutated,wild type,wild type,wild type,mutated,mutated,mutated,unknown
P0063,Type A,A1,F,C2,54,III,wild type,wild type,wild type,wild type,wild type,wild type,wild type,mutated,wild type,wild type,wild type,wild type,mutated,wild type,unknown,mutated,wild type,wild type,mutated,mutated
P0158,Type A,A1,M,C2,73,I,wild type,wild type,mutated,mutated,wild type,unknown,wild type,wild type,wild type,mutated,wild type,wild type,mutated,mutated,wild type,wild type,wild type,wild type,wild type,wild type
P0028,Type A,A1,F,C1,58,I,wild type,wild type,wild type,wild type,wild type,mutated,mutated,unknown,wild type,wild type,mutated,wild type,wild type,mutated,wild type,mutated,wild type,mutated,wild type,wild type
P0021,Type A,A1,M,C1,52,III,mutated,wild type,mutated,wild type,mutated,mutated,wild type,wild type,mutated,wild type,mutated,wild type,mutated,wild type,mutated,wild type,mutated,wild type,wild type,wild type
P0258,Type A,A2,F,C2,61,IV,wild type,wild type,wild type,mutated,wild type,unknown,mutated,wild type,mutated,wild type,mutated,wild type,mutated,wild type,mutated,mutated,wild type,wild type,mutated,wild type
P0113,Type A,A1,M,C1,42,III,wild type,wild type,wild type,mutated,wild type,mutated,wild type,mutated,wild type,mutated,mutated,mutated,wild type,wild type,wild type,mutated,wild type,wild type,wild type,unknown
P0511,Type B,Type B,M,C3,45,III,mutated,wild type,wild type,wild type,wild type,wild type,wild type,wild type,wild type,wild type,wild type,mutated,wild type,wild type,unknown,mutated,wild type,mutated,wild type,mutated
P0290,Type A,A2,F,C3,60,IV,mutated,mutated,wild type,wild type,wild type,mutated,wild type,mutated,wild type,wild type,unknown,mutated,mutated,wild type,unknown,wild type,mutated,wild type,wild type,wild type
P0019,Type A,A1,M,C1,63,I,mutated,wild type,wild type,mutated,mutated,wild type,wild type,wild type,mutated,wild type,wild type,wild type,mutated,wild type,unknown,wild type,mutated,mutated,wild type,mutated
P0072,Type A,A1,M,C1,64,III,mutated,wild type,wild type,wild type,wild type,wild type,mutated,mutated,wild type,mutated,wild type,mutated,wild type,unknown,wild type,mutated,wild type,mutated,wild type,wild type
P0459,Type B,Type B,F,C3,56,IV,mutated,mutated,wild type,mutated,mutated,wild type,mutated,wild type,wild type,mutated,wild type,mutated,wild type,wild type,unknown,mutated,wild type,wild type,wild type,mutated
P0428,Type B,Type B,F,C1,66,II,mutated,mutated,wild type,wild type,wild type,mutated,wild type,wild type,wild type,wild type,wild type,mutated,mutated,mutated,wild type,wild type,wild type,wild type,mutated,mutated
P0556,Type B,Type B,F,C1,56,II,mutated,wild type,wild type,mutated,unknown,wild type,mutated,mutated,wild type,mutated,wild type,wild type,mutated,mutated,unknown,wild type,wild type,wild type,wild type,wild type
P0544,Type B,Type B,M,C1,56,III,wild type,mutated,wild type,wild type,mutated,wild type,wild type,mutated,mutated,wild type,mutated,wild type,mutated,wild type,wild type,wild type,wild type,wild type,wild type,wild type
P0244,Type A,A2,M,C2,74,III,unknown,unknown,wild type,wild type,wild type,wild type,wild type,wild type,wild type,wild type,wild type,mutated,wild type,wild type,mutated,mutated,wild type,wild type,wild type,wild type
P0549,Type B,Type B,M,C1,80,II,wild type,mutated,mutated,mutated,wild type,wild type,mutated,mutated,wild type,wild type,wild type,wild type,mutated,wild type,wild type,wild type,wild type,mutated,wild type,wild type
P0041,Type A,A1,M,C1,61,IV,mutated,wild type,mutated,mutated,wild type,wild type,wild type,mutated,wild type,wild type,unknown,wild type,unknown,unknown,wild type,mutated,wild type,mutated,mutated,wild type
P0507,Type B,Type B,M,C1,42,II,mutated,wild type,wild type,mutated,wild type,wild type,mutated,wild type,mutated,wild type,wild type,mutated,mutated,wild type,mutated,mutated,wild type,mutated,wild type,mutated
P0530,Type B,Type B,M,C1,52,II,wild type,wild type,mutated,mutated,wild type,mutated,wild type,wild type,mutated,wild type,wild type,wild type,wild type,unknown,mutated,mutated,wild type,mutated,mutated,mutated
P0289,Type A,A2,F,C3,77,II,mutated,wild type,mutated,mutated,wild type,mutated,wild type,mutated,mutated,wild type,wild type,wild type,unknown,wild type,wild type,wild type,wild type,mutated,wild type,mutated
P0322,Type A,A2,F,C2,72,I,wild type,wild type,mutated,wild type,mutated,wild type,mutated,mutated,wild type,wild type,mutated,wild type,mutated,mutated,wild type,mutated,wild type,mutated,mutated,wild type
P0335,Type A,A2,F,C2,61,I,wild type,mutated,mutated,mutated,mutated,wild type,wild type,mutated,wild type,wild type,wild type,mutated,wild type,wild type,wild type,mutated,wild type,wild type,wild type,mutated
P0302,Type A,A2,F,C3,55,I,unknown,wild type,mutated,mutated,mutated,wild type,wild type,mutated,mutated,wild type,wild type,mutated,wild type,wild type,wild type,wild type,wild type,wild type,wild type,wild type
P0401,Type B,Type B,F,C3,63,III,wild type,wild type,wild type,wild type,wild type,wild type,mutated,mutated,wild type,wild type,mutated,mutated,mutated,mutated,wild type,wild type,wild type,wild type,wild type,mutated
P0228,Type A,A2,M,C3,60,IV,wild type,wild type,wild type,wild type,wild type,unknown,wild type,wild type,mutated,wild type,wild type,mutated,wild type,wild type,wild type,mutated,wild type,wild type,wild type,mutated
P0574,Type B,Type B,F,C2,72,II,wild type,wild type,mutated,mutated,mutated,wild type,mutated,mutated,mutated,wild type,wild type,mutated,mutated,wild type,mutated,wild type,wild type,wild type,wild type,wild type
P0059,Type A,A1,F,C1,66,II,wild type,wild type,wild type,mutated,mutated,wild type,mutated,unknown,wild type,wild type,wild type,mutated,wild type,wild type,wild type,mutated,wild type,wild type,wild type,unknown
P0274,Type A,A2,F,C1,86,IV,wild type,wild type,mutated,unknown,mutated,mutated,wild type,wild type,wild type,wild type,mutated,mutated,wild type,mutated,wild type,mutated,wild type,mutated,wild type,mutated
P0392,Type B,Type B,F,C1,58,III,wild type,wild type,wild type,mutated,wild type,wild type,wild type,mutated,mutated,unknown,mutated,wild type,wild type,wild type,wild type,mutated,wild type,mutated,mutated,wild type
P0330,Type A,A2,M,C2,55,IV,wild type,wild type,mutated,mutated,wild type,mutated,mutated,mutated,wild type,wild type,wild type,wild type,wild type,wild type,mutated,mutated,mutated,mutated,mutated,mutated
P0127,Type A,A1,M,C1,49,III,wild type,wild type,wild type,wild type,wild type,mutated,mutated,wild type,wild type,wild type,wild type,mutated,wild type,wild type,unknown,mutated,mutated,mutated,wild type,unknown
P0534,Type B,Type B,F,C2,59,II,wild type,wild type,wild type,wild type,mutated,wild type,wild type,mutated,mutated,mutated,wild type,wild type,wild type,wild type,mutated,wild type,wild type,mutated,wild type,mutated
P0492,Type B,Type B,M,C2,73,I,mutated,mutated,wild type,wild type,wild type,wild type,wild type,wild type,mutated,wild type,mutated,wild type,wild type,wild type,wild type,mutated,wild type,wild type,wild type,wild type
P0056,Type A,A1,M,C1,52,III,mutated,wild type,mutated,wild type,wild type,mutated,mutated,unknown,mutated,mutated,wild type,mutated,mutated,wild type,wild type,mutated,wild type,wild type,wild type,mutated
P0470,Type B,Type B,M,C1,73,II,mutated,wild type,mutated,mutated,wild type,wild type,wild type,mutated,wild type,wild type,mutated,wild type,wild type,wild type,wild type,wild type,wild type,wild type,wild type,wild type
P0518,Type B,Type B,M,C1,70,III,mutated,wild type,mutated,mutated,mutated,wild type,wild type,wild type,wild type,wild type,wild type,mutated,mutated,wild type,wild type,mutated,wild type,mutated,mutated,mutated
P0387,Type B,Type B,F,C2,57,II,mutated,wild type,wild type,wild type,wild type,wild type,mutated,wild type,mutated,wild type,wild type,wild type,wild type,wild type,unknown,wild type,wild type,wild type,wild type,wild type
P0198,Type A,A1,F,C1,79,I,wild type,wild type,mutated,wild type,wild type,wild type,mutated,mutated,mutated,wild type,mutated,wild type,wild type,unknown,wild type,mutated,wild type,wild type,wild type,wild type
P0079,Type A,A1,F,C2,75,II,mutated,wild type,mutated,wild type,mutated,wild type,mutated,wild type,wild type,wild type,wild type,mutated,mutated,wild type,wild type,wild type,wild type,mutated,wild type,mutated
P0501,Type B,Type B,F,C2,61,IV,wild type,wild type,wild type,wild type,mutated,wild type,wild type,mutated,wild type,wild type,wild type,mutated,wild type,wild type,wild type,wild type,wild type,wild type,wild type,mutated
P0053,Type A,A1,F,C1,68,IV,wild type,wild type,mutated,wild type,mutated,mutated,mutated,wild type,mutated,wild type,unknown,mutated,unknown,mutated,wild type,mutated,wild type,wild type,wild type,mutated
P0143,Type A,A1,F,C1,54,II,mutated,wild type,wild type,mutated,mutated,wild type,wild type,mutated,mutated,wild type,wild type,wild type,mutated,wild type,wild type,mutated,wild type,mutated,wild type,mutated
P0235,Type A,A2,M,C2,56,II,wild type,wild type,wild type,mutated,wild type,mutated,wild type,wild type,mutated,mutated,wild type,mutated,wild type,wild type,mutated,mutated,wild type,wild type,wild type,mutated
P0155,Type A,A1,F,C2,49,II,wild type,wild type,wild type,mutated,wild type,wild type,wild type,mutated,mutated,wild type,wild type,wild type,mutated,mutated,wild type,wild type,wild type,wild type,wild type,mutated
P0287,Type A,A2,F,C3,60,I,wild type,wild type,wild type,wild type,mutated,mutated,wild type,wild type,wild type,wild type,mutated,mutated,wild type,wild type,unknown,wild type,wild type,mutated,wild type,wild type
P0299,Type A,A2,M,C1,84,IV,wild type,wild type,mutated,wild type,wild type,wild type,mutated,mutated,wild type,wild type,wild type,wild type,mutated,wild type,unknown,mutated,wild type,wild type,wild type,wild type
P0199,Type A,A1,F,C1,73,III,wild type,wild type,mutated,mutated,wild type,mutated,wild type,mutated,wild type,wild type,mutated,wild type,wild type,wild type,wild type,wild type,wild type,wild type,wild type,mutated
P0558,Type B,Type B,F,C2,39,I,mutated,wild type,wild type,mutated,wild type,wild type,wild type,wild type,mutated,mutated,wild type,mutated,wild type,wild type,wild type,mutated,mutated,wild type,wild type,mutated
P0263,Type A,A2,M,C2,81,II,mutated,wild type,mutated,wild type,wild type,wild type,mutated,unknown,wild type,wild type,wild type,wild type,wild type,wild type,unknown,mutated,mutated,wild type,wild type,unknown
P0095,Type A,A1,M,C2,56,III,wild type,wild type,mutated,wild type,mutated,wild type,wild type,mutated,mutated,wild type,wild type,wild type,mutated,mutated,mutated,wild type,mutated,wild type,wild type,mutated
P0319,Type A,A2,F,C2,44,II,wild type,wild type,wild type,mutated,wild type,wild type,wild type,wild type,mutated,mutated,wild type,wild type,wild type,wild type,unknown,mutated,wild type,mutated,mutated,wild type
P0587,Type B,Type B,F,C2,61,III,wild type,wild type,wild type,unknown,wild type,wild type,wild type,mutated,wild type,unknown,mutated,wild type,wild type,mutated,wild type,mutated,wild type,mutated,wild type,wild type
P0538,Type B,Type B,M,C1,58,IV,unknown,wild type,wild type,wild type,mutated,wild type,wild type,mutated,mutated,wild type,wild type,mutated,wild type,wild type,wild type,wild type,mutated,wild type,wild type,wild type
P0575,Type B,Type B,M,C1,58,II,wild type,wild type,wild type,wild type,mutated,wild type,wild type,wild type,mutated,unknown,wild type,wild type,mutated,mutated,wild type,mutated,wild type,mutated,wild type,mutated
P0268,Type A,A2,F,C3,77,III,mutated,wild type,mutated,mutated,mutated,wild type,wild type,wild type,mutated,wild type,wild type,mutated,wild type,wild type,unknown,wild type,mutated,wild type,wild type,wild type
P0213,Type A,A2,M,C1,49,IV,wild type,wild type,wild type,mutated,wild type,wild type,wild type,mutated,mutated,wild type,wild type,mutated,wild type,wild type,wild type,wild type,wild type,mutated,wild type,wild type
P0353,Type A,A2,F,C3,58,IV,mutated,wild type,wild type,wild type,wild type,wild type,wild type,wild type,mutated,wild type,wild type,mutated,wild type,mutated,unknown,wild type,wild type,unknown,wild type,mutated
P0522,Type B,Type B,F,C2,64,I,mutated,wild type,wild type,wild type,wild type,mutated,mutated,wild type,wild type,wild type,wild type,wild type,mutated,mutated,mutated,wild type,wild type,wild type,wild type,wild type
P0450,Type B,Type B,F,C1,63,I,wild type,wild type,wild type,wild type,mutated,wild type,wild type,wild type,wild type,wild type,mutated,wild type,mutated,wild type,wild type,wild type,wild type,wild type,mutated,wild type
P0347,Type A,A2,F,C1,42,IV,wild type,wild type,wild type,wild type,wild type,wild type,mutated,mutated,mutated,wild type,wild type,wild type,mutated,wild type,wild type,wild type,mutated,mutated,wild type,wild type
P0039,Type A,A1,F,C1,56,IV,wild type,wild type,mutated,wild type,wild type,wild type,wild type,wild type,mutated,mutated,mutated,mutated,wild type,mutated,wild type,wild type,mutated,mutated,wild type,mutated
P0451,Type B,Type B,F,C1,68,IV,wild type,wild type,wild type,mutated,wild type,wild type,wild type,mutated,mutated,wild type,wild type,wild type,wild type,wild type,wild type,mutated,wild type,wild type,wild type,mutated
P0183,Type A,A1,M,C1,60,III,mutated,wild type,wild type,wild type,wild type,wild type,wild type,mutated,mutated,wild type,wild type,wild type,wild type,wild type,mutated,wild type,wild type,wild type,wild type,mutated
P0264,Type A,A2,M,C3,74,II,mutated,wild type,mutated,wild type,wild type,wild type,wild type,wild type,wild type,wild type,wild type,mutated,mutated,wild type,wild type,wild type,wild type,wild type,wild type,mutated
P0326,Type A,A2,M,C3,64,II,mutated,wild type,mutated,wild type,wild type,wild type,wild type,mutated,mutated,wild type,wild type,wild type,wild type,mutated,unknown,mutated,wild type,wild type,wild type,wild type
P0476,Type B,Type B,M,C1,54,III,wild type,unknown,mutated,mutated,wild type,wild type,wild type,mutated,mutated,unknown,wild type,wild type,wild type,wild type,wild type,wild type,wild type,wild type,wild type,wild type
P0571,Type B,Type B,F,C2,38,III,mutated,wild type,wild type,wild type,mutated,mutated,mutated,wild type,wild type,mutated,unknown,wild type,wild type,wild type,wild type,mutated,wild type,mutated,wild type,mutated
P0502,Type B,Type B,F,C2,75,I,wild type,wild type,wild type,wild type,wild type,mutated,wild type,mutated,wild type,wild type,wild type,wild type,mutated,wild type,wild type,mutated,unknown,mutated,mutated,wild type
P0349,Type A,A2,M,C1,68,II,wild type,wild type,mutated,wild type,wild type,wild type,wild type,mutated,wild type,wild type,wild type,wild type,wild type,wild type,unknown,mutated,wild type,wild type,wild type,mutated
P0033,Type A,A1,M,C1,70,IV,mutated,mutated,mutated,wild type,wild type,wild type,wild type,wild type,mutated,mutated,wild type,wild type,wild type,mutated,wild type,mutated,wild type,mutated,mutated,wild type
P0413,Type B,Type B,M,C2,67,IV,mutated,unknown,wild type,wild type,wild type,wild type,wild type,mutated,wild type,mutated,wild type,wild type,wild type,mutated,mutated,wild type,wild type,unknown,wild type,mutated
P0503,Type B,Type B,M,C1,52,II,wild type,wild type,wild type,mutated,wild type,wild type,mutated,wild type,mutated,wild type,wild type,mutated,mutated,wild type,wild type,wild type,wild type,mutated,wild type,mutated
P0540,Type B,Type B,F,C2,60,III,mutated,mutated,wild type,mutated,mutated,wild type,wild type,mutated,wild type,wild type,mutated,wild type,mutated,wild type,wild type,mutated,wild type,wild type,wild type,mutated
P0342,Type A,A2,M,C2,54,II,mutated,wild type,wild type,wild type,wild type,wild type,mutated,wild type,wild type,wild type,wild type,wild type,mutated,wild type,unknown,wild type,wild type,wild type,wild type,wild type
P0107,Type A,A1,M,C2,70,III,wild type,wild type,mutated,wild type,unknown,wild type,mutated,wild type,wild type,wild type,mutated,wild type,wild type,mutated,mutated,wild type,wild type,mutated,mutated,wild type
P0354,Type A,A2,M,C3,64,II,wild type,wild type,mutated,wild type,mutated,mutated,wild type,mutated,wild type,mutated,wild type,mutated,unknown,mutated,unknown,mutated,wild type,wild type,wild type,mutated
P0415,Type B,Type B,F,C1,48,III,wild type,wild type,wild type,mutated,wild type,wild type,mutated,mutated,wild type,mutated,wild type,mutated,wild type,wild type,mutated,mutated,wild type,wild type,unknown,wild type
P0468,Type B,Type B,F,C3,46,II,wild type,wild type,wild type,mutated,mutated,mutated,mutated,wild type,wild type,mutated,mutated,wild type,wild type,wild type,wild type,wild type,mutated,wild type,mutated,mutated
P0344,Type A,A2,M,C3,79,III,wild type,mutated,mutated,wild type,mutated,wild type,mutated,mutated,wild type,wild type,unknown,wild type,mutated,mutated,wild type,mutated,wild type,unknown,wild type,mutated
P0477,Type B,Type B,F,C1,48,IV,wild type,wild type,wild type,mutated,mutated,mutated,wild type,mutated,wild type,wild type,wild type,mutated,wild type,mutated,wild type,mutated,wild type,mutated,wild type,mutated
P0528,Type B,Type B,F,C1,64,II,wild type,wild type,wild type,mutated,wild type,wild type,wild type,mutated,mutated,wild type,wild type,mutated,wild type,wild type,mutated,mutated,mutated,wild type,wild type,mutated
P0582,Type B,Type B,F,C1,80,III,wild type,wild type,mutated,wild type,mutated,wild type,wild type,mutated,mutated,unknown,mutated,mutated,wild type,wild type,wild type,mutated,wild type,wild type,wild type,wild type
P0366,Type B,Type B,F,C2,44,III,wild type,wild type,wild type,wild type,mutated,wild type,wild type,wild type,mutated,wild type,mutated,mutated,wild type,wild type,wild type,wild type,wild type,wild type,wild type,wild type
P0414,Type B,Type B,F,C3,40,III,mutated,wild type,wild type,mutated,wild type,wild type,mutated,wild type,mutated,mutated,wild type,wild type,wild type,mutated,wild type,mutated,wild type,wild type,wild type,mutated
P0195,Type A,A1,F,C1,59,III,wild type,wild type,wild type,mutated,wild type,wild type,mutated,wild type,wild type,wild type,mutated,mutated,wild type,wild type,mutated,wild type,wild type,wild type,mutated,unknown
P0083,Type A,A1,M,C1,73,I,wild type,mutated,mutated,wild type,unknown,mutated,wild type,mutated,wild type,wild type,wild type,mutated,wild type,wild type,unknown,wild type,wild type,wild type,wild type,wild type
P0523,Type B,Type B,F,C1,42,III,wild type,wild type,wild type,wild type,wild type,wild type,mutated,mutated,mutated,wild type,wild type,mutated,wild type,mutated,wild type,mutated,wild type,wild type,wild type,unknown
P0147,Type A,A1,F,C1,60,IV,wild type,wild type,mutated,wild type,mutated,wild type,mutated,wild type,mutated,mutated,wild type,mutated,wild type,wild type,mutated,mutated,mutated,mutated,wild type,wild type
P0449,Type B,Type B,F,C1,55,IV,mutated,wild type,wild type,mutated,mutated,mutated,mutated,mutated,mutated,wild type,wild type,wild type,wild type,mutated,wild type,mutated,wild type,wild type,wild type,wild type
P0196,Type A,A1,F,C2,52,IV,wild type,wild type,mutated,mutated,wild type,wild type,mutated,wild type,mutated,mutated,mutated,wild type,wild type,wild type,wild type,wild type,wild type,wild type,wild type,wild type
P0595,Type B,Type B,F,C2,60,IV,mutated,wild type,wild type,mutated,wild type,wild type,mutated,wild type,wild type,wild type,wild type,mutated,mutated,wild type,wild type,mutated,wild type,mutated,wild type,wild type
P0432,Type B,Type B,M,C1,44,IV,wild type,wild type,wild type,wild type,mutated,wild type,mutated,unknown,wild type,wild type,wild type,wild type,wild type,mutated,unknown,wild type,wild type,wild type,wild type,mutated
P0194,Type A,A1,M,C1,58,II,wild type,wild type,wild type,wild type,wild type,wild type,wild type,mutated,wild type,wild type,wild type,mutated,wild type,wild type,mutated,wild type,mutated,wild type,mutated,mutated
P0178,Type A,A1,F,C3,83,I,wild type,wild type,mutated,wild type,wild type,wild type,mutated,wild type,wild type,wild type,unknown,mutated,wild type,wild type,unknown,wild type,mutated,mutated,wild type,wild type
P0488,Type B,Type B,F,C2,64,IV,mutated,wild type,mutated,mutated,wild type,wild type,mutated,mutated,mutated,wild type,wild type,wild type,wild type,mutated,wild type,mutated,mutated,wild type,wild type,wild type
P0097,Type A,A1,F,C1,40,IV,mutated,wild type,wild type,mutated,wild type,mutated,wild type,wild type,wild type,wild type,wild type,wild type,mutated,mutated,wild type,mutated,wild type,wild type,wild type,mutated
P0250,Type A,A2,M,C3,45,II,mutated,wild type,wild type,wild type,mutated,wild type,wild type,wild type,wild type,wild type,wild type,wild type,wild type,wild type,unknown,mutated,wild type,wild type,wild type,wild type
P0465,Type B,Type B,F,C2,49,II,wild type,wild type,wild type,wild type,wild type,mutated,wild type,wild type,wild type,wild type,wild type,wild type,mutated,wild type,wild type,mutated,wild type,wild type,wild type,wild type
P0129,Type A,A1,M,C2,72,I,wild type,wild type,wild type,mutated,wild type,wild type,wild type,mutated,mutated,wild type,mutated,wild type,wild type,mutated,wild type,wild type,wild type,wild type,wild type,unknown
P0284,Type A,A2,M,C3,65,I,wild type,mutated,mutated,mutated,wild type,mutated,wild type,wild type,mutated,mutated,wild type,wild type,wild type,wild type,unknown,mutated,mutated,wild type,mutated,mutated
P0075,Type A,A1,F,C2,53,IV,wild type,wild type,mutated,wild type,mutated,mutated,wild type,unknown,mutated,unknown,mutated,wild type,wild type,mutated,mutated,mutated,wild type,wild type,wild type,mutated
P0191,Type A,A1,M,C1,71,I,wild type,wild type,mutated,wild type,mutated,mutated,wild type,mutated,wild type,wild type,wild type,wild type,mutated,mutated,unknown,wild type,mutated,wild type,wild type,wild type
P0328,Type A,A2,F,C2,74,IV,wild type,wild type,mutated,wild type,mutated,wild type,wild type,wild type,wild type,unknown,wild type,mutated,unknown,mutated,wild type,wild type,unknown,mutated,wild type,wild type
P0291,Type A,A2,M,C1,60,I,mutated,wild type,mutated,mutated,mutated,wild type,mutated,mutated,mutated,wild type,wild type,wild type,mutated,wild type,wild type,mutated,mutated,unknown,wild type,wild type
P0372,Type B,Type B,M,C1,72,III,wild type,wild type,mutated,wild type,wild type,mutated,wild type,mutated,mutated,wild type,wild type,mutated,wild type,mutated,wild type,mutated,wild type,wild type,wild type,wild type
P0524,Type B,Type B,F,C1,61,III,mutated,wild type,wild type,mutated,wild type,mutated,mutated,wild type,mutated,mutated,wild type,mutated,wild type,wild type,wild type,mutated,mutated,wild type,mutated,wild type
P0131,Type A,A1,F,C1,70,II,wild type,wild type,mutated,mutated,wild type,wild type,mutated,mutated,mutated,wild type,wild type,mutated,wild type,wild type,wild type,wild type,mutated,wild type,wild type,mutated
P0543,Type B,Type B,F,C2,72,II,wild type,wild type,mutated,mutated,wild type,mutated,wild type,wild type,wild type,mutated,wild type,mutated,wild type,mutated,unknown,mutated,mutated,mutated,wild type,wild type
P0490,Type B,Type B,F,C3,62,II,wild type,wild type,mutated,mutated,wild type,mutated,wild type,wild type,wild type,mutated,wild type,mutated,wild type,mutated,wild type,wild type,mutated,wild type,wild type,wild type
P0381,Type B,Type B,F,C1,86,IV,wild type,mutated,mutated,wild type,wild type,unknown,mutated,mutated,mutated,wild type,wild type,wild type,wild type,wild type,wild type,wild type,wild type,unknown,mutated,mutated
P0090,Type A,A1,M,C1,64,II,mutated,wild type,mutated,mutated,wild type,mutated,mutated,wild type,mutated,wild type,mutated,mutated,wild type,wild type,mutated,wild type,wild type,wild type,wild type,wild type
P0236,Type A,A2,M,C2,59,III,mutated,wild type,mutated,mutated,mutated,wild type,wild type,mutated,wild type,wild type,wild type,mutated,wild type,wild type,wild type,wild type,unknown,wild type,wild type,wild type
P0124,Type A,A1,F,C1,74,III,mutated,mutated,mutated,mutated,wild type,wild type,mutated,wild type,mutated,wild type,wild type,mutated,mutated,mutated,wild type,wild type,wild type,mutated,wild type,wild type
P0166,Type A,A1,F,C1,60,II,mutated,wild type,mutated,wild type,wild type,wild type,mutated,wild type,wild type,wild type,mutated,mutated,wild type,wild type,wild type,wild type,wild type,wild type,wild type,wild type
P0346,Type A,A2,F,C3,57,III,mutated,mutated,wild type,wild type,wild type,mutated,mutated,mutated,mutated,mutated,wild type,wild type,mutated,mutated,wild type,wild type,wild type,mutated,wild type,mutated
P0483,Type B,Type B,F,C1,74,IV,wild type,mutated,mutated,wild type,mutated,wild type,mutated,wild type,wild type,wild type,wild type,mutated,wild type,wild type,mutated,mutated,mutated,wild type,wild type,wild type
P0532,Type B,Type B,M,C2,74,II,wild type,wild type,wild type,wild type,wild type,wild type,wild type,wild type,mutated,wild type,wild type,mutated,wild type,wild type,wild type,wild type,wild type,wild type,wild type,mutated
P0581,Type B,Type B,F,C2,50,I,mutated,wild type,wild type,wild type,mutated,wild type,wild type,mutated,wild type,mutated,mutated,mutated,wild type,mutated,wild type,mutated,unknown,wild type,mutated,mutated
P0025,Type A,A1,F,C2,68,IV,wild type,wild type,wild type,wild type,wild type,wild type,wild type,wild type,mutated,mutated,wild type,wild type,wild type,wild type,wild type,wild type,mutated,wild type,wild type,mutated
P0229,Type A,A2,F,C3,73,IV,wild type,wild type,mutated,mutated,wild type,wild type,mutated,mutated,wild type,wild type,wild type,wild type,mutated,mutated,wild type,wild type,wild type,mutated,wild type,wild type
P0035,Type A,A1,M,C2,68,III,wild type,wild type,mutated,wild type,mutated,wild type,mutated,mutated,wild type,wild type,wild type,mutated,wild type,unknown,wild type,wild type,wild type,wild type,wild type,mutated
P0395,Type B,Type B,F,C1,52,III,wild type,wild type,wild type,wild type,wild type,wild type,wild type,wild type,wild type,wild type,mutated,wild type,wild type,wild type,wild type,wild type,wild type,mutated,wild type,wild type
P0307,Type A,A2,F,C3,34,II,wild type,wild type,mutated,mutated,wild type,wild type,wild type,mutated,wild type,wild type,wild type,wild type,mutated,wild type,unknown,mutated,wild type,mutated,wild type,mutated
P0588,Type B,Type B,F,C2,46,II,wild type,wild type,wild type,mutated,mutated,wild type,wild type,mutated,wild type,wild type,mutated,mutated,wild type,wild type,wild type,mutated,wild type,wild type,wild type,mutated
P0318,Type A,A2,F,C3,59,III,mutated,wild type,wild type,wild type,wild type,wild type,mutated,wild type,mutated,wild type,wild type,wild type,wild type,mutated,unknown,unknown,wild type,wild type,wild type,wild type
P0480,Type B,Type B,M,C1,68,III,wild type,wild type,mutated,wild type,mutated,wild type,mutated,mutated,mutated,wild type,wild type,wild type,mutated,wild type,unknown,mutated,wild type,wild type,unknown,wild type
P0555,Type B,Type B,M,C3,35,III,wild type,wild type,wild type,wild type,mutated,wild type,wild type,mutated,mutated,mutated,unknown,wild type,wild type,unknown,unknown,mutated,wild type,wild type,wild type,wild type
P0201,Type A,A2,F,C2,65,IV,wild type,wild type,mutated,wild type,wild type,mutated,wild type,mutated,mutated,mutated,wild type,wild type,wild type,wild type,wild type,wild type,mutated,wild type,wild type,wild type
P0539,Type B,Type B,M,C3,48,I,mutated,wild type,wild type,mutated,mutated,mutated,wild type,mutated,wild type,wild type,wild type,mutated,mutated,wild type,wild type,wild type,wild type,wild type,wild type,wild type
P0358,Type A,A2,M,C1,61,IV,wild type,wild type,mutated,mutated,mutated,wild type,wild type,mutated,mutated,wild type,wild type,mutated,wild type,wild type,wild type,mutated,wild type,wild type,mutated,wild type
P0026,Type A,A1,M,C1,50,I,wild type,mutated,wild type,wild type,wild type,wild type,wild type,mutated,wild type,mutated,wild type,wild type,wild type,wild type,wild type,wild type,wild type,wild type,wild type,mutated
P0402,Type B,Type B,F,C1,50,I,wild type,wild type,wild type,wild type,mutated,mutated,wild type,wild type,mutated,wild type,wild type,wild type,wild type,wild type,wild type,wild type,mutated,wild type,wild type,wild type
P0009,Type A,A1,F,C1,85,III,mutated,wild type,mutated,mutated,wild type,mutated,wild type,mutated,wild type,wild type,mutated,wild type,wild type,wild type,mutated,mutated,wild type,mutated,wild type,mutated
P0368,Type B,Type B,F,C1,48,II,mutated,wild type,wild type,unknown,wild type,mutated,mutated,mutated,mutated,wild type,wild type,wild type,mutated,wild type,unknown,wild type,wild type,mutated,wild type,mutated
P0306,Type A,A2,M,C3,58,III,wild type,wild type,mutated,wild type,wild type,wild type,mutated,wild type,wild type,wild type,mutated,wild type,mutated,wild type,unknown,mutated,wild type,mutated,mutated,wild type
P0220,Type A,A2,F,C1,46,IV,wild type,wild type,wild type,mutated,wild type,mutated,wild type,mutated,wild type,wild type,wild type,mutated,wild type,wild type,unknown,wild type,wild type,wild type,wild type,mutated
P0394,Type B,Type B,F,C1,49,I,mutated,wild type,wild type,unknown,mutated,mutated,mutated,wild type,wild type,wild type,wild type,wild type,wild type,wild type,mutated,unknown,wild type,wild type,wild type,wild type
P0070,Type A,A1,M,C1,70,II,mutated,wild type,mutated,wild type,wild type,mutated,mutated,wild type,mutated,wild type,mutated,mutated,mutated,mutated,unknown,mutated,wild type,wild type,wild type,mutated
P0408,Type B,Type B,M,C1,35,I,mutated,wild type,wild type,wild type,wild type,wild type,mutated,mutated,mutated,wild type,wild type,wild type,wild type,wild type,unknown,wild type,mutated,mutated,wild type,unknown
P0148,Type A,A1,F,C2,59,III,mutated,wild type,wild type,wild type,wild type,wild type,wild type,wild type,wild type,wild type,wild type,wild type,mutated,wild type,wild type,mutated,wild type,mutated,wild type,wild type
P0531,Type B,Type B,F,C1,52,IV,mutated,wild type,wild type,mutated,wild type,mutated,wild type,wild type,mutated,wild type,mutated,mutated,mutated,wild type,wild type,wild type,wild type,wild type,wild type,wild type
P0363,Type B,Type B,M,C3,48,II,wild type,wild type,wild type,mutated,wild type,wild type,mutated,wild type,wild type,wild type,mutated,wild type,wild type,wild type,unknown,wild type,mutated,mutated,wild type,mutated
P0023,Type A,A1,F,C3,63,II,mutated,wild type,wild type,wild type,wild type,unknown,wild type,wild type,mutated,wild type,mutated,wild type,wild type,mutated,unknown,wild type,mutated,wild type,wild type,mutated
P0182,Type A,A1,M,C1,52,I,wild type,wild type,wild type,mutated,wild type,wild type,wild type,mutated,mutated,wild type,mutated,wild type,wild type,wild type,wild type,mutated,wild type,mutated,wild type,wild type
P0546,Type B,Type B,F,C1,57,IV,wild type,wild type,wild type,mutated,unknown,mutated,mutated,wild type,mutated,wild type,mutated,mutated,mutated,wild type,unknown,mutated,wild type,wild type,wild type,mutated
P0269,Type A,A2,F,C2,44,III,mutated,wild type,mutated,wild type,wild type,wild type,wild type,mutated,mutated,wild type,wild type,mutated,wild type,wild type,wild type,wild type,unknown,wild type,wild type,wild type
P0217,Type A,A2,M,C3,52,IV,mutated,wild type,mutated,wild type,mutated,mutated,mutated,wild type,wild type,mutated,mutated,wild type,wild type,wild type,wild type,mutated,wild type,mutated,wild type,wild type
P0386,Type B,Type B,F,C1,54,III,wild type,wild type,wild type,wild type,wild type,mutated,wild type,wild type,mutated,wild type,mutated,wild type,mutated,mutated,wild type,mutated,wild type,mutated,wild type,wild type
P0010,Type A,A1,M,C2,66,I,mutated,wild type,wild type,wild type,wild type,wild type,wild type,mutated,mutated,wild type,mutated,wild type,wild type,mutated,wild type,mutated,wild type,wild type,wild type,mutated
P0085,Type A,A1,M,C3,47,II,wild type,wild type,mutated,mutated,wild type,wild type,wild type,wild type,wild type,wild type,wild type,wild type,wild type,wild type,unknown,mutated,wild type,wild type,mutated,wild type
P0373,Type B,Type B,M,C1,44,III,mutated,wild type,wild type,mutated,wild type,wild type,wild type,mutated,wild type,wild type,wild type,mutated,wild type,wild type,wild type,mutated,wild type,wild type,wild type,mutated
P0436,Type B,Type B,F,C2,74,III,wild type,wild type,wild type,wild type,wild type,wild type,wild type,mutated,mutated,unknown,mutated,wild type,wild type,wild type,wild type,mutated,wild type,wild type,mutated,wild type
P0431,Type B,Type B,F,C1,69,II,mutated,wild type,mutated,wild type,wild type,wild type,wild type,wild type,wild type,mutated,wild type,wild type,wild type,wild type,wild type,mutated,mutated,mutated,mutated,wild type
P0396,Type B,Type B,F,C3,64,IV,wild type,wild type,wild type,wild type,wild type,wild type,wild type,wild type,wild type,wild type,wild type,mutated,mutated,wild type,wild type,wild type,mutated,wild type,wild type,mutated
P0130,Type A,A1,F,C2,50,II,wild type,wild type,mutated,wild type,wild type,wild type,wild type,mutated,wild type,mutated,wild type,mutated,wild type,wild type,wild type,mutated,wild type,wild type,wild type,mutated
P0285,Type A,A2,F,C3,62,I,wild type,wild type,wild type,mutated,wild type,wild type,mutated,mutated,mutated,wild type,wild type,wild type,wild type,mutated,unknown,mutated,wild type,mutated,mutated,mutated
P0332,Type A,A2,M,C3,80,III,mutated,wild type,wild type,mutated,wild type,mutated,wild type,unknown,wild type,wild type,mutated,mutated,wild type,wild type,unknown,mutated,mutated,wild type,mutated,mutated
P0205,Type A,A2,F,C2,62,II,mutated,wild type,mutated,wild type,wild type,wild type,wild type,mutated,wild type,wild type,wild type,wild type,wild type,wild type,mutated,mutated,unknown,mutated,wild type,wild type
P0297,Type A,A2,F,C1,69,III,wild type,mutated,mutated,mutated,wild type,wild type,mutated,wild type,wild type,mutated,wild type,wild type,mutated,wild type,wild type,mutated,mutated,wild type,wild type,wild type
P0069,Type A,A1,M,C3,64,II,mutated,mutated,mutated,mutated,mutated,wild type,mutated,unknown,wild type,unknown,wild type,mutated,mutated,mutated,mutated,wild type,wild type,wild type,wild type,mutated
P0246,Type A,A2,F,C1,64,IV,mutated,wild type,wild type,wild type,wild type,wild type,mutated,wild type,mutated,wild type,mutated,wild type,mutated,unknown,wild type,mutated,wild type,mutated,wild type,mutated
P0280,Type A,A2,F,C3,54,II,wild type,wild type,mutated,wild type,unknown,wild type,mutated,unknown,mutated,wild type,wild type,wild type,wild type,wild type,unknown,wild type,wild type,mutated,wild type,wild type
P0167,Type A,A1,M,C1,59,III,wild type,wild type,mutated,wild type,wild type,mutated,wild type,wild type,mutated,mutated,wild type,wild type,mutated,wild type,wild type,wild type,wild type,wild type,wild type,mutated
P0486,Type B,Type B,M,C2,51,IV,wild type,wild type,wild type,wild type,wild type,wild type,wild type,wild type,wild type,wild type,mutated,mutated,mutated,wild type,wild type,wild type,wild type,wild type,wild type,mutated
P0491,Type B,Type B,F,C1,66,I,wild type,wild type,wild type,wild type,wild type,wild type,mutated,wild type,mutated,wild type,wild type,wild type,wild type,mutated,wild type,mutated,mutated,wild type,wild type,wild type
P0385,Type B,Type B,F,C1,54,IV,wild type,wild type,mutated,wild type,mutated,wild type,mutated,mutated,mutated,wild type,wild type,mutated,mutated,wild type,wild type,mutated,unknown,mutated,mutated,wild type
P0098,Type A,A1,M,C2,69,IV,mutated,mutated,wild type,mutated,wild type,mutated,wild type,wild type,wild type,wild type,wild type,mutated,mutated,wild type,wild type,mutated,wild type,mutated,wild type,wild type
P0478,Type B,Type B,M,C1,56,III,mutated,wild type,wild type,wild type,mutated,wild type,mutated,mutated,mutated,wild type,wild type,mutated,wild type,wild type,wild type,wild type,wild type,wild type,wild type,wild type
P0096,Type A,A1,M,C1,66,III,mutated,wild type,mutated,mutated,wild type,mutated,wild type,wild type,wild type,mutated,wild type,wild type,mutated,wild type,mutated,mutated,wild type,wild type,mutated,mutated
P0529,Type B,Type B,F,C2,49,II,wild type,mutated,wild type,mutated,wild type,wild type,wild type,wild type,mutated,wild type,wild type,wild type,wild type,wild type,unknown,wild type,mutated,wild type,wild type,mutated
P0052,Type A,A1,M,C1,69,III,wild type,wild type,wild type,mutated,wild type,mutated,mutated,wild type,mutated,mutated,wild type,wild type,wild type,wild type,mutated,wild type,wild type,wild type,wild type,wild type
P0460,Type B,Type B,F,C2,51,I,wild type,wild type,wild type,wild type,wild type,wild type,wild type,wild type,mutated,mutated,mutated,mutated,wild type,wild type,wild type,mutated,mutated,mutated,wild type,mutated
P0073,Type A,A1,F,C2,56,IV,wild type,wild type,wild type,wild type,wild type,mutated,wild type,mutated,mutated,wild type,wild type,mutated,wild type,mutated,mutated,wild type,mutated,mutated,wild type,mutated
P0207,Type A,A2,F,C3,58,IV,mutated,wild type,mutated,wild type,mutated,wild type,mutated,wild type,mutated,wild type,wild type,wild type,mutated,mutated,wild type,wild type,wild type,mutated,wild type,wild type
P0369,Type B,Type B,M,C1,43,IV,wild type,wild type,wild type,wild type,mutated,wild type,wild type,wild type,wild type,mutated,mutated,wild type,wild type,mutated,mutated,mutated,wild type,wild type,mutated,mutated
P0351,Type A,A2,F,C3,63,II,mutated,wild type,mutated,mutated,wild type,wild type,mutated,wild type,wild type,wild type,mutated,mutated,wild type,wild type,mutated,wild type,wild type,mutated,wild type,mutated
P0046,Type A,A1,M,C1,59,II,mutated,wild type,wild type,wild type,mutated,wild type,mutated,wild type,mutated,mutated,wild type,wild type,unknown,wild type,wild type,wild type,wild type,mutated,wild type,mutated
P0111,Type A,A1,M,C2,61,II,wild type,mutated,wild type,wild type,mutated,wild type,wild type,mutated,mutated,wild type,wild type,mutated,wild type,wild type,wild type,mutated,wild type,wild type,mutated,mutated
P0159,Type A,A1,M,C1,55,IV,mutated,wild type,wild type,wild type,wild type,mutated,wild type,mutated,wild type,wild type,wild type,mutated,wild type,mutated,wild type,mutated,wild type,mutated,wild type,unknown
P0230,Type A,A2,M,C2,65,II,mutated,wild type,mutated,wild type,unknown,wild type,wild type,wild type,unknown,wild type,wild type,mutated,wild type,wild type,wild type,mutated,unknown,mutated,wild type,wild type
P0237,Type A,A2,F,C3,62,I,wild type,wild type,mutated,mutated,mutated,wild type,mutated,wild type,wild type,wild type,wild type,wild type,wild type,mutated,unknown,wild type,wild type,mutated,wild type,mutated
P0562,Type B,Type B,M,C1,60,I,wild type,wild type,wild type,wild type,wild type,mutated,wild type,mutated,mutated,wild type,wild type,mutated,mutated,wild type,wild type,mutated,wild type,mutated,wild type,wild type
P0252,Type A,A2,F,C3,62,II,wild type,wild type,mutated,wild type,wild type,wild type,mutated,wild type,wild type,mutated,wild type,wild type,wild type,wild type,unknown,mutated,wild type,mutated,wild type,unknown
P0586,Type B,Type B,M,C1,57,II,mutated,wild type,wild type,wild type,wild type,wild type,mutated,mutated,wild type,mutated,wild type,wild type,wild type,wild type,wild type,mutated,wild type,wild type,mutated,wild type
P0277,Type A,A2,M,C3,61,IV,mutated,wild type,wild type,wild type,wild type,wild type,mutated,wild type,mutated,mutated,wild type,mutated,wild type,mutated,unknown,mutated,wild type,mutated,wild type,wild type
P0267,Type A,A2,F,C1,64,II,wild type,mutated,mutated,wild type,wild type,wild type,wild type,wild type,wild type,wild type,wild type,mutated,wild type,wild type,wild type,wild type,wild type,mutated,wild type,mutated
P0434,Type B,Type B,M,C2,49,III,wild type,wild type,wild type,mutated,wild type,wild type,mutated,wild type,wild type,wild type,wild type,wild type,mutated,wild type,mutated,wild type,wild type,wild type,wild type,mutated
P0425,Type B,Type B,F,C2,56,II,wild type,wild type,wild type,mutated,mutated,wild type,mutated,wild type,wild type,mutated,wild type,mutated,mutated,wild type,wild type,wild type,wild type,wild type,wild type,wild type
P0563,Type B,Type B,M,C3,42,III,mutated,wild type,wild type,wild type,wild type,mutated,wild type,mutated,mutated,wild type,wild type,mutated,wild type,wild type,unknown,wild type,wild type,wild type,wild type,mutated
P0537,Type B,Type B,F,C1,62,IV,mutated,mutated,wild type,wild type,wild type,wild type,wild type,mutated,wild type,wild type,wild type,wild type,mutated,mutated,mutated,wild type,wild type,wild type,wild type,mutated
P0189,Type A,A1,F,C2,39,III,wild type,wild type,wild type,wild type,wild type,mutated,mutated,mutated,wild type,mutated,wild type,mutated,wild type,wild type,wild type,wild type,mutated,wild type,wild type,mutated
P0584,Type B,Type B,F,C2,53,III,wild type,wild type,wild type,wild type,mutated,unknown,mutated,wild type,wild type,mutated,mutated,wild type,mutated,wild type,wild type,wild type,wild type,mutated,wild type,mutated
P0597,Type B,Type B,F,C1,48,III,wild type,mutated,wild type,wild type,mutated,wild type,mutated,mutated,unknown,wild type,wild type,wild type,mutated,mutated,wild type,mutated,wild type,wild type,wild type,wild type
P0257,Type A,A2,M,C1,55,II,wild type,mutated,mutated,mutated,wild type,wild type,wild type,mutated,mutated,wild type,wild type,wild type,wild type,mutated,wild type,mutated,wild type,wild type,wild type,mutated
P0448,Type B,Type B,F,C2,60,II,wild type,wild type,wild type,wild type,wild type,mutated,mutated,wild type,mutated,wild type,mutated,wild type,wild type,unknown,wild type,mutated,mutated,mutated,wild type,mutated
P0350,Type A,A2,F,C2,43,III,wild type,wild type,wild type,wild type,mutated,mutated,wild type,mutated,mutated,wild type,wild type,wild type,wild type,wild type,wild type,wild type,mutated,mutated,mutated,mutated
P0308,Type A,A2,F,C3,68,II,wild type,wild type,wild type,mutated,mutated,wild type,mutated,wild type,mutated,wild type,wild type,wild type,mutated,mutated,wild type,wild type,wild type,wild type,wild type,wild type
P0002,Type A,A1,F,C1,66,II,wild type,wild type,mutated,wild type,wild type,wild type,mutated,wild type,mutated,wild type,wild type,mutated,wild type,wild type,mutated,mutated,wild type,wild type,wild type,wild type
P0190,Type A,A1,M,C2,55,II,wild type,wild type,mutated,mutated,wild type,wild type,wild type,unknown,wild type,mutated,wild type,mutated,wild type,wild type,wild type,wild type,wild type,wild type,wild type,wild type
P0293,Type A,A2,F,C3,62,III,wild type,wild type,wild type,wild type,mutated,wild type,wild type,wild type,wild type,wild type,wild type,wild type,wild type,wild type,mutated,wild type,wild type,unknown,wild type,wild type
P0525,Type B,Type B,F,C2,65,III,wild type,mutated,mutated,wild type,mutated,wild type,wild type,wild type,wild type,wild type,wild type,mutated,mutated,wild type,wild type,wild type,wild type,wild type,mutated,mutated
P0348,Type A,A2,F,C2,62,II,wild type,wild type,wild type,mutated,mutated,wild type,mutated,mutated,wild type,wild type,mutated,wild type,mutated,wild type,mutated,wild type,wild type,wild type,unknown,wild type
P0184,Type A,A1,F,C1,59,IV,wild type,wild type,mutated,wild type,mutated,wild type,wild type,mutated,mutated,wild type,mutated,mutated,mutated,wild type,wild type,mutated,wild type,wild type,wild type,mutated
P0421,Type B,Type B,M,C2,75,IV,wild type,wild type,wild type,wild type,mutated,wild type,wild type,mutated,wild type,wild type,mutated,wild type,wild type,unknown,wild type,wild type,wild type,mutated,wild type,wild type
P0550,Type B,Type B,F,C1,46,IV,wild type,wild type,wild type,wild type,mutated,wild type,wild type,mutated,wild type,wild type,wild type,mutated,wild type,mutated,wild type,mutated,wild type,wild type,wild type,mutated
P0204,Type A,A2,F,C3,40,IV,mutated,wild type,mutated,wild type,mutated,wild type,wild type,wild type,mutated,wild type,mutated,mutated,wild type,wild type,unknown,wild type,wild type,mutated,wild type,wild type
P0020,Type A,A1,M,C1,52,I,wild type,wild type,wild type,wild type,mutated,mutated,wild type,wild type,wild type,wild type,wild type,wild type,wild type,mutated,unknown,wild type,wild type,mutated,wild type,wild type
P0221,Type A,A2,F,C3,72,IV,wild type,wild type,mutated,wild type,wild type,wild type,wild type,mutated,mutated,wild type,mutated,wild type,mutated,wild type,unknown,mutated,wild type,wild type,wild type,wild type
P0357,Type A,A2,M,C3,58,IV,wild type,wild type,mutated,wild type,wild type,wild type,wild type,wild type,wild type,mutated,mutated,mutated,mutated,mutated,unknown,wild type,wild type,wild type,mutated,wild type
P0153,Type A,A1,F,C3,59,IV,wild type,wild type,wild type,wild type,wild type,wild type,mutated,wild type,mutated,wild type,wild type,mutated,wild type,mutated,unknown,mutated,wild type,wild type,wild type,wild type
P0251,Type A,A2,M,C2,72,IV,wild type,wild type,mutated,mutated,mutated,wild type,mutated,wild type,wild type,mutated,mutated,wild type,mutated,mutated,wild type,unknown,mutated,wild type,wild type,wild type
P0139,Type A,A1,M,C1,72,IV,mutated,wild type,wild type,mutated,wild type,wild type,wild type,mutated,mutated,wild type,wild type,mutated,wild type,wild type,mutated,wild type,wild type,wild type,wild type,mutated
P0324,Type A,A2,F,C2,75,IV,wild type,mutated,mutated,mutated,wild type,unknown,wild type,wild type,mutated,wild type,wild type,mutated,wild type,wild type,wild type,wild type,wild type,mutated,wild type,wild type
P0104,Type A,A1,M,C1,51,I,mutated,wild type,wild type,wild type,wild type,wild type,mutated,unknown,mutated,wild type,wild type,mutated,wild type,wild type,wild type,mutated,mutated,wild type,mutated,wild type
P0027,Type A,A1,M,C1,68,III,wild type,wild type,wild type,wild type,wild type,wild type,mutated,mutated,mutated,mutated,mutated,mutated,wild type,mutated,wild type,wild type,mutated,wild type,wild type,mutated
P0455,Type B,Type B,M,C2,50,III,wild type,wild type,wild type,wild type,mutated,wild type,wild type,mutated,mutated,wild type,mutated,wild type,mutated,wild type,mutated,wild type,mutated,wild type,unknown,wild type
P0406,Type B,Type B,F,C2,61,I,wild type,mutated,wild type,mutated,mutated,wild type,wild type,mutated,wild type,mutated,mutated,mutated,wild type,unknown,wild type,mutated,mutated,wild type,mutated,wild type
P0068,Type A,A1,F,C1,54,I,mutated,mutated,mutated,mutated,wild type,mutated,wild type,wild type,wild type,wild type,mutated,mutated,wild type,wild type,wild type,mutated,wild type,wild type,unknown,wild type
P0175,Type A,A1,M,C2,69,III,wild type,wild type,wild type,wild type,unknown,mutated,wild type,wild type,mutated,wild type,wild type,mutated,wild type,wild type,unknown,mutated,wild type,wild type,wild type,wild type
P0389,Type B,Type B,F,C2,56,III,unknown,mutated,wild type,wild type,mutated,wild type,mutated,mutated,wild type,wild type,wild type,wild type,wild type,mutated,wild type,unknown,wild type,mutated,wild type,wild type
P0405,Type B,Type B,F,C3,57,III,wild type,wild type,wild type,unknown,wild type,wild type,mutated,wild type,mutated,wild type,wild type,wild type,wild type,wild type,unknown,wild type,mutated,wild type,wild type,wild type
P0535,Type B,Type B,F,C1,70,III,wild type,mutated,wild type,mutated,wild type,wild type,mutated,mutated,wild type,mutated,wild type,wild type,mutated,wild type,mutated,wild type,wild type,wild type,wild type,wild type
P0495,Type B,Type B,M,C1,56,III,mutated,wild type,wild type,wild type,wild type,wild type,wild type,mutated,wild type,wild type,wild type,mutated,wild type,wild type,wild type,mutated,mutated,mutated,wild type,mutated
P0247,Type A,A2,F,C3,66,I,wild type,wild type,mutated,wild type,wild type,wild type,mutated,mutated,wild type,wild type,wild type,wild type,wild type,wild type,unknown,mutated,mutated,mutated,mutated,wild type
P0151,Type A,A1,F,C1,56,II,mutated,wild type,wild type,mutated,wild type,wild type,wild type,wild type,mutated,unknown,mutated,wild type,mutated,wild type,wild type,wild type,wild type,wild type,mutated,mutated
P0509,Type B,Type B,M,C2,65,I,wild type,wild type,wild type,wild type,wild type,wild type,wild type,mutated,mutated,wild type,mutated,wild type,wild type,mutated,wild type,mutated,unknown,wild type,mutated,wild type
P0088,Type A,A1,F,C1,65,II,mutated,mutated,mutated,wild type,mutated,wild type,mutated,mutated,mutated,wild type,mutated,mutated,wild type,wild type,mutated,wild type,mutated,wild type,wild type,mutated
P0208,Type A,A2,F,C2,63,II,mutated,mutated,wild type,mutated,mutated,mutated,wild type,mutated,wild type,mutated,wild type,wild type,wild type,wild type,mutated,mutated,mutated,wild type,wild type,mutated
P0048,Type A,A1,F,C1,75,II,wild type,wild type,mutated,wild type,unknown,wild type,mutated,wild type,mutated,mutated,mutated,mutated,mutated,wild type,unknown,mutated,wild type,mutated,mutated,wild type
P0339,Type A,A2,F,C3,76,III,wild type,wild type,mutated,mutated,mutated,mutated,mutated,wild type,mutated,wild type,mutated,mutated,wild type,wild type,unknown,wild type,wild type,wild type,wild type,mutated
P0327,Type A,A2,F,C3,53,III,mutated,wild type,wild type,wild type,mutated,wild type,wild type,mutated,wild type,wild type,unknown,mutated,wild type,mutated,unknown,wild type,wild type,mutated,wild type,wild type
P0260,Type A,A2,M,C3,68,III,mutated,wild type,mutated,wild type,mutated,wild type,wild type,wild type,wild type,wild type,wild type,mutated,wild type,wild type,unknown,mutated,mutated,mutated,wild type,wild type
P0310,Type A,A2,F,C3,65,III,unknown,wild type,wild type,wild type,unknown,mutated,mutated,wild type,wild type,wild type,wild type,wild type,wild type,wild type,mutated,wild type,wild type,mutated,wild type,wild type
P0447,Type B,Type B,M,C1,57,III,wild type,wild type,wild type,wild type,wild type,wild type,wild type,mutated,wild type,mutated,mutated,mutated,wild type,wild type,mutated,mutated,wild type,wild type,wild type,wild type
P0600,Type B,Type B,M,C1,48,II,mutated,wild type,wild type,mutated,unknown,wild type,wild type,wild type,mutated,wild type,wild type,wild type,wild type,wild type,wild type,mutated,unknown,wild type,wild type,wild type
P0312,Type A,A2,F,C3,69,III,wild type,mutated,mutated,wild type,wild type,wild type,mutated,mutated,mutated,wild type,wild type,mutated,wild type,wild type,mutated,mutated,wild type,unknown,wild type,mutated
P0536,Type B,Type B,F,C2,60,IV,wild type,mutated,wild type,mutated,wild type,wild type,mutated,wild type,mutated,mutated,wild type,wild type,wild type,wild type,mutated,wild type,mutated,wild type,wild type,mutated
P0520,Type B,Type B,M,C2,44,III,wild type,wild type,wild type,wild type,wild type,mutated,wild type,mutated,mutated,mutated,wild type,mutated,wild type,unknown,wild type,mutated,wild type,mutated,wild type,mutated
P0497,Type B,Type B,M,C2,50,II,wild type,wild type,wild type,wild type,mutated,mutated,wild type,mutated,wild type,wild type,wild type,mutated,wild type,wild type,mutated,mutated,mutated,wild type,wild type,mutated
P0553,Type B,Type B,F,C1,40,I,mutated,wild type,wild type,wild type,mutated,wild type,wild type,mutated,wild type,unknown,wild type,mutated,unknown,wild type,wild type,wild type,wild type,wild type,mutated,mutated
P0206,Type A,A2,F,C1,48,II,mutated,wild type,wild type,wild type,wild type,unknown,wild type,mutated,mutated,wild type,wild type,mutated,wild type,wild type,wild type,mutated,wild type,wild type,wild type,mutated
P0505,Type B,Type B,F,C2,50,I,wild type,unknown,wild type,wild type,mutated,mutated,wild type,wild type,wild type,wild type,wild type,wild type,wild type,wild type,mutated,mutated,mutated,mutated,wild type,mutated
P0482,Type B,Type B,F,C3,70,II,mutated,wild type,wild type,wild type,mutated,wild type,wild type,mutated,mutated,mutated,mutated,mutated,mutated,wild type,unknown,mutated,wild type,wild type,mutated,wild type
P0058,Type A,A1,M,C1,73,I,mutated,wild type,mutated,wild type,wild type,wild type,wild type,mutated,mutated,wild type,wild type,mutated,wild type,wild type,wild type,wild type,mutated,unknown,wild type,mutated
P0156,Type A,A1,M,C2,60,III,wild type,mutated,mutated,mutated,wild type,wild type,mutated,mutated,mutated,wild type,wild type,wild type,mutated,wild type,wild type,mutated,mutated,wild type,wild type,mutated
P0343,Type A,A2,F,C1,58,II,wild type,mutated,mutated,mutated,mutated,mutated,wild type,mutated,wild type,wild type,wild type,wild type,wild type,unknown,mutated,mutated,wild type,mutated,wild type,mutated
P0286,Type A,A2,M,C3,65,III,wild type,wild type,wild type,wild type,wild type,wild type,wild type,wild type,wild type,mutated,wild type,mutated,wild type,mutated,unknown,wild type,wild type,wild type,wild type,mutated
P0012,Type A,A1,F,C1,77,I,wild type,wild type,mutated,mutated,wild type,wild type,mutated,mutated,wild type,wild type,wild type,mutated,mutated,wild type,wild type,wild type,wild type,wild type,wild type,mutated
P0309,Type A,A2,F,C2,56,II,wild type,mutated,wild type,mutated,wild type,wild type,wild type,mutated,mutated,wild type,mutated,mutated,mutated,mutated,wild type,wild type,wild type,mutated,wild type,wild type
P0311,Type A,A2,M,C1,64,I,wild type,mutated,mutated,unknown,wild type,mutated,wild type,wild type,wild type,mutated,wild type,mutated,wild type,wild type,mutated,wild type,mutated,mutated,unknown,wild type
P0599,Type B,Type B,M,C3,41,IV,wild type,wild type,wild type,mutated,mutated,wild type,wild type,mutated,mutated,wild type,mutated,mutated,wild type,mutated,wild type,wild type,wild type,wild type,wild type,wild type
P0115,Type A,A1,M,C2,53,II,wild type,mutated,mutated,wild type,wild type,wild type,mutated,wild type,wild type,wild type,mutated,mutated,wild type,wild type,wild type,wild type,wild type,wild type,unknown,mutated
P0572,Type B,Type B,F,C3,84,IV,mutated,unknown,mutated,wild type,wild type,wild type,wild type,mutated,wild type,mutated,mutated,wild type,wild type,wild type,wild type,unknown,wild type,mutated,wild type,wild type
P0008,Type A,A1,M,C2,53,III,mutated,wild type,wild type,mutated,mutated,mutated,mutated,mutated,mutated,wild type,wild type,mutated,wild type,wild type,wild type,wild type,wild type,wild type,wild type,wild type
P0382,Type B,Type B,M,C2,54,III,mutated,wild type,wild type,wild type,wild type,mutated,mutated,wild type,mutated,mutated,wild type,mutated,unknown,wild type,wild type,wild type,mutated,wild type,wild type,wild type
P0142,Type A,A1,M,C2,63,III,wild type,wild type,mutated,wild type,unknown,mutated,mutated,mutated,mutated,wild type,wild type,mutated,wild type,unknown,wild type,mutated,wild type,wild type,mutated,mutated
P0314,Type A,A2,F,C1,64,II,wild type,mutated,mutated,mutated,wild type,mutated,wild type,mutated,wild type,wild type,wild type,wild type,wild type,mutated,wild type,wild type,wild type,mutated,wild type,mutated
P0005,Type A,A1,M,C1,42,III,wild type,wild type,mutated,wild type,wild type,wild type,wild type,mutated,wild type,wild type,wild type,mutated,wild type,wild type,wild type,unknown,mutated,wild type,mutated,mutated
P0430,Type B,Type B,F,C2,62,III,wild type,wild type,wild type,unknown,mutated,wild type,mutated,mutated,wild type,wild type,wild type,wild type,wild type,wild type,wild type,wild type,wild type,wild type,wild type,mutated
P0489,Type B,Type B,M,C2,39,III,mutated,mutated,wild type,wild type,mutated,wild type,wild type,wild type,wild type,wild type,wild type,mutated,mutated,mutated,wild type,wild type,mutated,wild type,wild type,mutated
P0499,Type B,Type B,F,C1,60,III,wild type,wild type,mutated,wild type,mutated,mutated,mutated,mutated,wild type,wild type,wild type,wild type,mutated,wild type,wild type,mutated,wild type,wild type,wild type,mutated
P0080,Type A,A1,M,C2,53,III,mutated,wild type,wild type,mutated,mutated,unknown,mutated,mutated,wild type,wild type,wild type,mutated,wild type,wild type,wild type,mutated,wild type,wild type,mutated,mutated
P0049,Type A,A1,M,C1,68,II,wild type,wild type,mutated,wild type,mutated,wild type,mutated,wild type,wild type,wild type,wild type,mutated,mutated,wild type,wild type,mutated,wild type,wild type,wild type,wild type
P0433,Type B,Type B,M,C1,66,III,wild type,wild type,wild type,wild type,wild type,mutated,wild type,mutated,wild type,wild type,mutated,wild type,wild type,wild type,wild type,mutated,mutated,wild type,wild type,wild type
P0570,Type B,Type B,M,C1,66,II,mutated,wild type,wild type,wild type,mutated,wild type,mutated,unknown,wild type,wild type,wild type,mutated,mutated,wild type,unknown,mutated,wild type,mutated,mutated,mutated
P0275,Type A,A2,M,C3,48,III,wild type,wild type,mutated,wild type,mutated,wild type,wild type,wild type,wild type,wild type,mutated,mutated,wild type,mutated,unknown,mutated,wild type,wild type,wild type,wild type
P0444,Type B,Type B,F,C2,39,IV,mutated,mutated,wild type,wild type,mutated,wild type,mutated,mutated,mutated,wild type,wild type,wild type,wild type,wild type,wild type,wild type,wild type,mutated,mutated,mutated
P0067,Type A,A1,M,C1,59,III,wild type,wild type,mutated,wild type,wild type,wild type,wild type,wild type,mutated,mutated,wild type,wild type,wild type,wild type,mutated,wild type,mutated,wild type,wild type,wild type
P0108,Type A,A1,F,C1,66,III,wild type,wild type,mutated,wild type,mutated,wild type,wild type,wild type,wild type,wild type,wild type,wild type,wild type,mutated,unknown,mutated,wild type,unknown,wild type,mutated
P0479,Type B,Type B,M,C2,70,II,mutated,wild type,mutated,mutated,wild type,wild type,wild type,mutated,mutated,wild type,mutated,mutated,wild type,wild type,wild type,wild type,mutated,wild type,wild type,wild type
P0514,Type B,Type B,M,C2,65,III,wild type,wild type,mutated,wild type,mutated,mutated,mutated,wild type,mutated,mutated,mutated,mutated,mutated,wild type,wild type,mutated,wild type,wild type,wild type,mutated
P0466,Type B,Type B,F,C2,45,I,wild type,wild type,wild type,mutated,wild type,wild type,wild type,wild type,mutated,mutated,mutated,wild type,wild type,wild type,wild type,mutated,wild type,mutated,wild type,wild type
P0569,Type B,Type B,F,C2,64,IV,wild type,wild type,wild type,wild type,mutated,wild type,mutated,wild type,mutated,wild type,mutated,wild type,wild type,wild type,wild type,wild type,unknown,mutated,wild type,wild type
P0136,Type A,A1,F,C1,79,IV,mutated,wild type,mutated,mutated,wild type,unknown,wild type,wild type,mutated,wild type,wild type,mutated,mutated,wild type,mutated,wild type,wild type,mutated,wild type,mutated
P0568,Type B,Type B,F,C2,53,II,wild type,wild type,wild type,mutated,unknown,wild type,mutated,mutated,mutated,wild type,mutated,wild type,mutated,wild type,unknown,wild type,wild type,wild type,wild type,mutated
P0004,Type A,A1,F,C2,89,I,wild type,wild type,mutated,mutated,mutated,mutated,mutated,wild type,mutated,mutated,wild type,mutated,wild type,wild type,wild type,mutated,unknown,wild type,wild type,mutated
P0122,Type A,A1,M,C2,54,II,wild type,wild type,wild type,wild type,wild type,mutated,wild type,wild type,wild type,wild type,wild type,mutated,wild type,wild type,wild type,mutated,unknown,wild type,wild type,wild type
P0384,Type B,Type B,F,C2,54,III,wild type,wild type,mutated,mutated,mutated,wild type,wild type,wild type,mutated,wild type,wild type,mutated,wild type,wild type,wild type,wild type,wild type,wild type,wild type,wild type
P0577,Type B,Type B,F,C3,59,IV,wild type,wild type,wild type,wild type,mutated,wild type,mutated,mutated,wild type,wild type,wild type,mutated,mutated,mutated,wild type,mutated,mutated,mutated,wild type,wild type
P0400,Type B,Type B,F,C2,64,III,wild type,wild type,wild type,wild type,wild type,mutated,mutated,wild type,mutated,wild type,wild type,wild type,wild type,wild type,unknown,wild type,wild type,mutated,mutated,wild type
P0249,Type A,A2,M,C3,48,III,wild type,mutated,wild type,wild type,mutated,wild type,mutated,wild type,mutated,wild type,wild type,wild type,mutated,wild type,wild type,mutated,mutated,mutated,wild type,mutated
P0364,Type B,Type B,F,C1,82,III,wild type,unknown,mutated,wild type,mutated,mutated,mutated,wild type,wild type,wild type,wild type,mutated,wild type,wild type,unknown,mutated,mutated,wild type,wild type,wild type
P0078,Type A,A1,F,C1,50,I,wild type,wild type,wild type,mutated,wild type,mutated,mutated,wild type,wild type,mutated,wild type,mutated,mutated,wild type,wild type,mutated,wild type,wild type,wild type,mutated
P0241,Type A,A2,F,C1,42,IV,wild type,wild type,wild type,wild type,wild type,wild type,mutated,wild type,wild type,wild type,mutated,wild type,wild type,wild type,wild type,wild type,wild type,wild type,wild type,mutated
P0435,Type B,Type B,F,C1,52,IV,wild type,wild type,wild type,wild type,wild type,unknown,mutated,wild type,wild type,mutated,mutated,wild type,unknown,wild type,mutated,wild type,wild type,mutated,wild type,wild type
P0055,Type A,A1,F,C1,70,III,wild type,wild type,mutated,mutated,mutated,wild type,wild type,wild type,wild type,wild type,wild type,wild type,wild type,wild type,wild type,mutated,wild type,wild type,mutated,mutated
P0123,Type A,A1,M,C1,56,I,mutated,wild type,mutated,mutated,wild type,wild type,mutated,mutated,mutated,wild type,mutated,wild type,mutated,mutated,unknown,wild type,wild type,unknown,wild type,mutated
P0404,Type B,Type B,F,C1,57,II,mutated,mutated,mutated,wild type,wild type,mutated,wild type,mutated,mutated,mutated,mutated,wild type,wild type,mutated,wild type,mutated,wild type,wild type,mutated,wild type
P0132,Type A,A1,M,C1,68,III,unknown,wild type,mutated,wild type,mutated,mutated,wild type,wild type,mutated,wild type,mutated,mutated,wild type,mutated,mutated,mutated,mutated,wild type,wild type,wild type
P0015,Type A,A1,M,C2,49,I,unknown,wild type,wild type,wild type,wild type,mutated,wild type,wild type,wild type,wild type,wild type,wild type,wild type,wild type,wild type,mutated,wild type,wild type,wild type,wild type
P0016,Type A,A1,M,C1,71,I,mutated,wild type,mutated,wild type,mutated,mutated,wild type,wild type,wild type,wild type,wild type,wild type,mutated,wild type,wild type,wild type,wild type,wild type,wild type,wild type
P0510,Type B,Type B,F,C2,60,III,mutated,wild type,wild type,mutated,wild type,wild type,wild type,mutated,mutated,wild type,wild type,mutated,mutated,wild type,mutated,mutated,wild type,mutated,wild type,wild type
P0573,Type B,Type B,M,C2,51,IV,wild type,mutated,wild type,mutated,wild type,mutated,wild type,mutated,wild type,mutated,mutated,wild type,wild type,wild type,mutated,wild type,wild type,wild type,wild type,mutated
P0485,Type B,Type B,F,C3,46,III,mutated,wild type,mutated,wild type,wild type,wild type,mutated,wild type,mutated,wild type,wild type,mutated,wild type,mutated,unknown,mutated,mutated,mutated,mutated,wild type
P0429,Type B,Type B,F,C3,52,I,wild type,wild type,wild type,wild type,wild type,mutated,wild type,mutated,mutated,wild type,wild type,mutated,wild type,wild type,unknown,wild type,wild type,wild type,wild type,wild type
P0506,Type B,Type B,M,C2,47,II,mutated,unknown,mutated,wild type,wild type,mutated,mutated,wild type,wild type,wild type,wild type,wild type,wild type,wild type,unknown,wild type,wild type,wild type,wild type,mutated
P0452,Type B,Type B,M,C2,61,III,wild type,wild type,wild type,mutated,mutated,wild type,wild type,wild type,wild type,wild type,mutated,mutated,wild type,mutated,unknown,mutated,wild type,wild type,wild type,wild type
P0592,Type B,Type B,F,C2,56,III,mutated,wild type,wild type,wild type,wild type,wild type,mutated,wild type,mutated,wild type,mutated,mutated,wild type,wild type,wild type,mutated,wild type,mutated,wild type,mutated
P0422,Type B,Type B,F,C1,61,III,wild type,wild type,wild type,wild type,mutated,wild type,wild type,mutated,wild type,mutated,mutated,mutated,wild type,mutated,wild type,wild type,wild type,wild type,wild type,wild type
P0179,Type A,A1,F,C1,56,IV,wild type,mutated,wild type,wild type,wild type,wild type,wild type,wild type,wild type,wild type,wild type,mutated,wild type,mutated,unknown,wild type,wild type,mutated,wild type,mutated
P0273,Type A,A2,F,C3,58,III,mutated,wild type,mutated,mutated,wild type,wild type,mutated,wild type,mutated,wild type,wild type,wild type,mutated,wild type,unknown,mutated,wild type,mutated,mutated,mutated
P0453,Type B,Type B,M,C1,67,III,mutated,unknown,wild type,wild type,wild type,wild type,mutated,mutated,wild type,wild type,mutated,wild type,mutated,wild type,wild type,wild type,mutated,wild type,wild type,mutated
P0407,Type B,Type B,F,C2,60,I,wild type,wild type,wild type,unknown,mutated,wild type,wild type,unknown,wild type,wild type,wild type,mutated,wild type,wild type,wild type,mutated,wild type,mutated,mutated,wild type
P0171,Type A,A1,M,C1,65,IV,wild type,wild type,mutated,wild type,mutated,mutated,mutated,wild type,wild type,wild type,wild type,mutated,wild type,wild type,unknown,wild type,wild type,wild type,wild type,wild type
P0399,Type B,Type B,M,C2,68,II,wild type,wild type,mutated,wild type,wild type,wild type,mutated,unknown,unknown,wild type,mutated,mutated,wild type,mutated,wild type,wild type,mutated,mutated,wild type,unknown
P0188,Type A,A1,M,C2,67,III,mutated,mutated,wild type,wild type,mutated,wild type,mutated,wild type,mutated,wild type,wild type,mutated,wild type,wild type,wild type,wild type,wild type,wild type,wild type,wild type
P0294,Type A,A2,F,C1,78,IV,mutated,mutated,mutated,mutated,mutated,wild type,wild type,wild type,mutated,mutated,wild type,wild type,wild type,mutated,wild type,unknown,wild type,mutated,unknown,mutated
P0379,Type B,Type B,F,C1,49,II,wild type,wild type,wild type,wild type,unknown,mutated,wild type,mutated,wild type,wild type,wild type,mutated,wild type,wild type,mutated,mutated,unknown,wild type,wild type,mutated
P0559,Type B,Type B,F,C2,58,III,wild type,wild type,wild type,wild type,wild type,wild type,wild type,wild type,mutated,wild type,wild type,wild type,wild type,mutated,mutated,mutated,unknown,wild type,wild type,mutated
P0446,Type B,Type B,F,C1,58,III,mutated,mutated,wild type,wild type,mutated,wild type,mutated,mutated,mutated,wild type,mutated,mutated,mutated,wild type,unknown,mutated,wild type,wild type,wild type,wild type
P0212,Type A,A2,M,C2,59,II,mutated,wild type,mutated,wild type,wild type,mutated,wild type,mutated,mutated,wild type,mutated,mutated,mutated,wild type,mutated,wild type,wild type,wild type,wild type,wild type
P0232,Type A,A2,M,C3,44,III,mutated,wild type,wild type,wild type,wild type,mutated,mutated,mutated,mutated,wild type,wild type,wild type,wild type,wild type,wild type,wild type,mutated,mutated,wild type,mutated
P0410,Type B,Type B,M,C1,60,III,mutated,wild type,mutated,mutated,wild type,wild type,wild type,mutated,wild type,wild type,unknown,mutated,wild type,wild type,mutated,wild type,wild type,wild type,wild type,mutated
P0551,Type B,Type B,M,C2,44,I,unknown,wild type,wild type,mutated,mutated,wild type,wild type,wild type,wild type,wild type,mutated,mutated,wild type,wild type,unknown,mutated,wild type,wild type,wild type,mutated
P0154,Type A,A1,M,C2,69,IV,wild type,mutated,mutated,wild type,mutated,mutated,wild type,wild type,mutated,wild type,wild type,wild type,wild type,wild type,wild type,wild type,wild type,wild type,wild type,wild type
P0579,Type B,Type B,F,C2,38,IV,mutated,mutated,wild type,mutated,mutated,wild type,wild type,mutated,wild type,wild type,mutated,mutated,wild type,wild type,wild type,wild type,mutated,mutated,wild type,mutated
P0365,Type B,Type B,M,C2,61,II,wild type,wild type,mutated,mutated,wild type,wild type,mutated,mutated,mutated,mutated,mutated,mutated,unknown,unknown,mutated,wild type,wild type,wild type,mutated,wild type
P0245,Type A,A2,F,C3,68,II,wild type,wild type,mutated,wild type,wild type,mutated,mutated,wild type,mutated,mutated,wild type,mutated,mutated,mutated,unknown,wild type,wild type,mutated,wild type,mutated
P0074,Type A,A1,F,C1,75,II,wild type,wild type,mutated,wild type,wild type,unknown,wild type,wild type,wild type,wild type,mutated,mutated,mutated,wild type,mutated,mutated,unknown,mutated,mutated,wild type
P0017,Type A,A1,F,C2,67,III,wild type,unknown,mutated,wild type,wild type,wild type,mutated,mutated,mutated,wild type,wild type,wild type,wild type,wild type,wild type,wild type,wild type,mutated,mutated,mutated
P0121,Type A,A1,F,C2,88,IV,mutated,wild type,mutated,mutated,wild type,wild type,mutated,wild type,wild type,wild type,wild type,mutated,mutated,unknown,wild type,wild type,wild type,mutated,wild type,wild type
P0045,Type A,A1,M,C1,61,II,mutated,wild type,mutated,unknown,wild type,wild type,mutated,mutated,mutated,wild type,wild type,mutated,wild type,wild type,mutated,mutated,wild type,wild type,wild type,mutated
P0481,Type B,Type B,M,C1,44,I,mutated,wild type,wild type,wild type,wild type,wild type,wild type,wild type,mutated,wild type,wild type,wild type,mutated,wild type,unknown,wild type,wild type,mutated,wild type,wild type
P0180,Type A,A1,M,C3,56,I,mutated,wild type,wild type,mutated,wild type,wild type,mutated,mutated,wild type,wild type,mutated,mutated,wild type,wild type,unknown,mutated,wild type,wild type,wild type,mutated
P0031,Type A,A1,F,C2,60,II,mutated,unknown,mutated,wild type,wild type,mutated,mutated,wild type,mutated,mutated,mutated,mutated,wild type,wild type,mutated,wild type,wild type,mutated,wild type,wild type
P0591,Type B,Type B,F,C1,43,IV,wild type,wild type,wild type,mutated,wild type,wild type,wild type,wild type,mutated,wild type,wild type,wild type,wild type,mutated,mutated,mutated,wild type,wild type,wild type,wild type
P0473,Type B,Type B,F,C1,54,IV,wild type,wild type,wild type,mutated,wild type,wild type,wild type,mutated,wild type,mutated,wild type,wild type,wild type,wild type,unknown,mutated,wild type,wild type,wild type,mutated
P0380,Type B,Type B,F,C3,60,III,mutated,wild type,wild type,wild type,wild type,wild type,mutated,wild type,wild type,wild type,wild type,mutated,mutated,wild type,unknown,mutated,wild type,mutated,unknown,mutated
P0500,Type B,Type B,M,C2,63,III,wild type,mutated,wild type,mutated,mutated,mutated,mutated,mutated,mutated,mutated,wild type,wild type,wild type,wild type,wild type,wild type,wild type,wild type,wild type,mutated
P0295,Type A,A2,M,C1,43,III,mutated,wild type,wild type,mutated,wild type,wild type,wild type,mutated,wild type,mutated,wild type,mutated,wild type,wild type,wild type,mutated,wild type,mutated,unknown,wild type
P0315,Type A,A2,F,C2,70,IV,mutated,mutated,mutated,wild type,wild type,mutated,wild type,wild type,wild type,wild type,unknown,wild type,mutated,mutated,wild type,mutated,wild type,mutated,wild type,wild type
P0044,Type A,A1,M,C1,49,II,mutated,wild type,wild type,wild type,wild type,wild type,wild type,wild type,mutated,wild type,mutated,wild type,mutated,wild type,mutated,wild type,wild type,mutated,wild type,wild type
P0047,Type A,A1,F,C1,54,II,wild type,wild type,mutated,mutated,wild type,mutated,mutated,wild type,mutated,unknown,wild type,wild type,wild type,wild type,unknown,mutated,wild type,wild type,unknown,wild type
P0138,Type A,A1,F,C1,80,IV,wild type,wild type,mutated,wild type,wild type,wild type,wild type,mutated,wild type,wild type,mutated,wild type,wild type,wild type,wild type,unknown,wild type,wild type,mutated,mutated
P0011,Type A,A1,M,C3,69,III,wild type,wild type,wild type,mutated,wild type,wild type,wild type,mutated,mutated,mutated,unknown,wild type,unknown,mutated,wild type,wild type,wild type,wild type,wild type,wild type
P0533,Type B,Type B,M,C1,58,IV,wild type,wild type,wild type,mutated,mutated,wild type,wild type,wild type,unknown,unknown,wild type,mutated,wild type,mutated,wild type,wild type,wild type,wild type,wild type,wild type
P0174,Type A,A1,F,C1,59,III,mutated,mutated,mutated,mutated,mutated,wild type,wild type,mutated,wild type,mutated,wild type,wild type,wild type,wild type,wild type,mutated,wild type,wild type,wild type,mutated
P0336,Type A,A2,M,C3,61,IV,wild type,wild type,mutated,wild type,mutated,wild type,wild type,mutated,wild type,mutated,wild type,mutated,mutated,wild type,wild type,wild type,mutated,wild type,mutated,wild type
P0100,Type A,A1,F,C2,76,III,wild type,wild type,mutated,wild type,mutated,mutated,wild type,wild type,mutated,wild type,mutated,mutated,unknown,wild type,unknown,wild type,wild type,mutated,wild type,wild type
P0418,Type B,Type B,M,C1,50,I,wild type,wild type,wild type,mutated,wild type,mutated,wild type,wild type,mutated,wild type,wild type,wild type,wild type,wild type,mutated,mutated,mutated,wild type,wild type,mutated
P0173,Type A,A1,M,C2,59,III,mutated,mutated,wild type,wild type,wild type,wild type,wild type,wild type,wild type,wild type,mutated,wild type,wild type,wild type,wild type,wild type,mutated,wild type,wild type,mutated
P0001,Type A,A1,M,C3,59,II,mutated,wild type,mutated,wild type,mutated,wild type,mutated,wild type,wild type,wild type,wild type,mutated,wild type,wild type,unknown,wild type,mutated,wild type,mutated,mutated
P0102,Type A,A1,F,C2,67,I,wild type,wild type,mutated,wild type,wild type,wild type,wild type,mutated,mutated,mutated,wild type,mutated,wild type,wild type,wild type,mutated,mutated,wild type,wild type,mutated
P0103,Type A,A1,M,C1,62,IV,mutated,wild type,wild type,mutated,mutated,mutated,mutated,wild type,mutated,wild type,mutated,mutated,wild type,wild type,mutated,mutated,wild type,wild type,wild type,wild type
P0554,Type B,Type B,M,C3,65,I,wild type,wild type,wild type,wild type,wild type,wild type,wild type,wild type,mutated,wild type,mutated,wild type,mutated,wild type,wild type,mutated,wild type,wild type,wild type,mutated
P0037,Type A,A1,M,C2,69,III,mutated,mutated,mutated,wild type,wild type,wild type,mutated,wild type,mutated,mutated,mutated,mutated,wild type,unknown,unknown,wild type,wild type,mutated,wild type,wild type
P0064,Type A,A1,F,C2,72,III,mutated,wild type,mutated,unknown,mutated,wild type,mutated,wild type,mutated,wild type,wild type,mutated,wild type,wild type,mutated,wild type,wild type,wild type,wild type,mutated
P0165,Type A,A1,F,C1,60,II,wild type,wild type,wild type,wild type,wild type,wild type,mutated,wild type,wild type,mutated,mutated,wild type,mutated,wild type,unknown,mutated,wild type,wild type,wild type,mutated
P0352,Type A,A2,F,C3,49,I,wild type,wild type,mutated,wild type,wild type,mutated,mutated,mutated,mutated,wild type,mutated,wild type,wild type,mutated,mutated,wild type,wild type,mutated,wild type,mutated
P0054,Type A,A1,M,C1,75,II,mutated,wild type,mutated,wild type,wild type,mutated,wild type,wild type,wild type,wild type,wild type,wild type,mutated,wild type,wild type,mutated,wild type,wild type,wild type,mutated
P0462,Type B,Type B,M,C1,58,III,wild type,wild type,mutated,wild type,wild type,wild type,mutated,mutated,mutated,mutated,wild type,wild type,wild type,wild type,wild type,wild type,wild type,mutated,wild type,mutated
P0548,Type B,Type B,F,C1,56,I,mutated,wild type,wild type,mutated,wild type,wild type,wild type,mutated,wild type,wild type,wild type,wild type,wild type,mutated,wild type,wild type,wild type,wild type,wild type,mutated
P0170,Type A,A1,F,C1,61,II,mutated,wild type,mutated,mutated,wild type,wild type,mutated,mutated,mutated,wild type,wild type,wild type,wild type,mutated,wild type,mutated,wild type,wild type,wild type,mutated
P0526,Type B,Type B,F,C2,52,II,mutated,wild type,wild type,wild type,wild type,wild type,wild type,wild type,mutated,wild type,wild type,mutated,wild type,wild type,wild type,wild type,wild type,mutated,wild type,wild type
P0084,Type A,A1,F,C2,56,III,mutated,wild type,wild type,wild type,wild type,wild type,wild type,wild type,wild type,mutated,wild type,mutated,mutated,wild type,wild type,mutated,wild type,mutated,wild type,mutated
P0256,Type A,A2,F,C1,61,IV,wild type,mutated,wild type,wild type,mutated,wild type,mutated,wild type,mutated,unknown,mutated,wild type,wild type,mutated,wild type,wild type,wild type,wild type,wild type,mutated
P0227,Type A,A2,F,C3,70,III,mutated,unknown,mutated,mutated,mutated,mutated,wild type,mutated,mutated,wild type,wild type,wild type,wild type,mutated,wild type,mutated,wild type,wild type,wild type,wild type
P0301,Type A,A2,M,C3,60,I,mutated,unknown,wild type,wild type,wild type,wild type,wild type,wild type,mutated,mutated,wild type,wild type,wild type,wild type,unknown,wild type,wild type,wild type,wild type,mutated
P0475,Type B,Type B,F,C1,48,III,mutated,wild type,wild type,wild type,mutated,wild type,wild type,wild type,unknown,wild type,wild type,wild type,wild type,wild type,wild type,wild type,wild type,mutated,wild type,wild type
P0374,Type B,Type B,M,C2,68,II,mutated,wild type,wild type,wild type,wild type,mutated,wild type,mutated,wild type,wild type,mutated,wild type,wild type,wild type,wild type,mutated,wild type,wild type,wild type,mutated
P0427,Type B,Type B,F,C2,55,I,wild type,unknown,wild type,mutated,wild type,wild type,mutated,wild type,unknown,mutated,wild type,wild type,wild type,mutated,mutated,mutated,wild type,wild type,wild type,wild type
P0061,Type A,A1,M,C2,48,III,mutated,mutated,wild type,wild type,wild type,wild type,mutated,mutated,wild type,mutated,mutated,mutated,wild type,unknown,mutated,mutated,wild type,mutated,wild type,wild type
P0014,Type A,A1,F,C3,73,I,mutated,wild type,mutated,mutated,wild type,wild type,wild type,wild type,wild type,mutated,wild type,wild type,wild type,unknown,unknown,wild type,wild type,mutated,wild type,wild type
P0272,Type A,A2,F,C1,46,IV,mutated,wild type,wild type,mutated,wild type,wild type,wild type,wild type,wild type,wild type,mutated,mutated,wild type,wild type,wild type,mutated,mutated,wild type,mutated,wild type
P0038,Type A,A1,F,C1,67,I,wild type,wild type,mutated,mutated,wild type,wild type,mutated,mutated,mutated,wild type,wild type,wild type,wild type,wild type,wild type,wild type,wild type,wild type,wild type,wild type
P0296,Type A,A2,F,C3,51,II,mutated,wild type,mutated,wild type,mutated,wild type,mutated,mutated,wild type,wild type,mutated,wild type,wild type,wild type,unknown,wild type,wild type,mutated,wild type,mutated
P0105,Type A,A1,F,C1,61,II,wild type,mutated,wild type,wild type,wild type,wild type,wild type,mutated,wild type,unknown,mutated,mutated,wild type,wild type,wild type,mutated,wild type,wild type,wild type,wild type
P0197,Type A,A1,M,C2,58,II,wild type,wild type,wild type,wild type,wild type,wild type,wild type,wild type,mutated,mutated,wild type,wild type,mutated,wild type,wild type,wild type,wild type,mutated,wild type,mutated
P0508,Type B,Type B,F,C1,77,I,mutated,wild type,wild type,wild type,wild type,wild type,mutated,mutated,mutated,mutated,mutated,wild type,wild type,wild type,wild type,wild type,mutated,wild type,wild type,mutated
P0545,Type B,Type B,F,C2,55,IV,mutated,mutated,wild type,wild type,mutated,wild type,mutated,mutated,mutated,wild type,wild type,wild type,mutated,wild type,wild type,mutated,wild type,wild type,wild type,wild type
P0106,Type A,A1,M,C1,60,III,mutated,wild type,mutated,wild type,wild type,wild type,wild type,mutated,mutated,mutated,wild type,wild type,wild type,wild type,wild type,wild type,wild type,mutated,wild type,wild type
P0218,Type A,A2,M,C1,57,II,wild type,wild type,wild type,wild type,wild type,unknown,mutated,mutated,wild type,wild type,mutated,wild type,wild type,wild type,mutated,mutated,wild type,wild type,mutated,wild type
